-2,-3,oTEn20DniLLi/tmr83x0ScFppLI=,1i/dNnIEwY0NOP5cxXEYMopHdec=
-7,-7,oTEn20DniLLi/tmr83x0ScFppLI=,1i/dNnIEwY0NOP5cxXEYMopHdec=
-3,-3,oTEn20DniLLi/tmr83x0ScFppLI=,1i/dNnIEwY0NOP5cxXEYMopHdec=
-2,-5,oTEn20DniLLi/tmr83x0ScFppLI=,1i/dNnIEwY0NOP5cxXEYMopHdec=
-2,-4,oTEn20DniLLi/tmr83x0ScFppLI=,1i/dNnIEwY0NOP5cxXEYMopHdec=
-2,-6,oTEn20DniLLi/tmr83x0ScFppLI=,1i/dNnIEwY0NOP5cxXEYMopHdec=
-5,-3,oTEn20DniLLi/tmr83x0ScFppLI=,1i/dNnIEwY0NOP5cxXEYMopHdec=
-3,-4,oTEn20DniLLi/tmr83x0ScFppLI=,1i/dNnIEwY0NOP5cxXEYMopHdec=
-4,-3,oTEn20DniLLi/tmr83x0ScFppLI=,1i/dNnIEwY0NOP5cxXEYMopHdec=
-3,-5,oTEn20DniLLi/tmr83x0ScFppLI=,1i/dNnIEwY0NOP5cxXEYMopHdec=
-8,-2,oTEn20DniLLi/tmr83x0ScFppLI=,1i/dNnIEwY0NOP5cxXEYMopHdec=
-12,-5,oTEn20DniLLi/tmr83x0ScFppLI=,K2xBVX1G3CVyYwoC+TwbInO+o08=
-13,-5,oTEn20DniLLi/tmr83x0ScFppLI=,K2xBVX1G3CVyYwoC+TwbInO+o08=
-4,-4,oTEn20DniLLi/tmr83x0ScFppLI=,1i/dNnIEwY0NOP5cxXEYMopHdec=
-6,-3,oTEn20DniLLi/tmr83x0ScFppLI=,1i/dNnIEwY0NOP5cxXEYMopHdec=
-11,-5,oTEn20DniLLi/tmr83x0ScFppLI=,K2xBVX1G3CVyYwoC+TwbInO+o08=
-14,-5,oTEn20DniLLi/tmr83x0ScFppLI=,K2xBVX1G3CVyYwoC+TwbInO+o08=
-8,-4,oTEn20DniLLi/tmr83x0ScFppLI=,1i/dNnIEwY0NOP5cxXEYMopHdec=
-5,-4,oTEn20DniLLi/tmr83x0ScFppLI=,1i/dNnIEwY0NOP5cxXEYMopHdec=
-15,-5,oTEn20DniLLi/tmr83x0ScFppLI=,K2xBVX1G3CVyYwoC+TwbInO+o08=
-10,-5,oTEn20DniLLi/tmr83x0ScFppLI=,K2xBVX1G3CVyYwoC+TwbInO+o08=
-9,-6,oTEn20DniLLi/tmr83x0ScFppLI=,K2xBVX1G3CVyYwoC+TwbInO+o08=
-8,-5,oTEn20DniLLi/tmr83x0ScFppLI=,1i/dNnIEwY0NOP5cxXEYMopHdec=
-8,-3,oTEn20DniLLi/tmr83x0ScFppLI=,1i/dNnIEwY0NOP5cxXEYMopHdec=
-9,-5,oTEn20DniLLi/tmr83x0ScFppLI=,K2xBVX1G3CVyYwoC+TwbInO+o08=
-15,-4,oTEn20DniLLi/tmr83x0ScFppLI=,K2xBVX1G3CVyYwoC+TwbInO+o08=
-6,-7,oTEn20DniLLi/tmr83x0ScFppLI=,1i/dNnIEwY0NOP5cxXEYMopHdec=
-11,-6,oTEn20DniLLi/tmr83x0ScFppLI=,K2xBVX1G3CVyYwoC+TwbInO+o08=
-10,-6,oTEn20DniLLi/tmr83x0ScFppLI=,K2xBVX1G3CVyYwoC+TwbInO+o08=
-14,-4,oTEn20DniLLi/tmr83x0ScFppLI=,K2xBVX1G3CVyYwoC+TwbInO+o08=
-13,-4,oTEn20DniLLi/tmr83x0ScFppLI=,K2xBVX1G3CVyYwoC+TwbInO+o08=
-4,-5,oTEn20DniLLi/tmr83x0ScFppLI=,1i/dNnIEwY0NOP5cxXEYMopHdec=
-6,-6,oTEn20DniLLi/tmr83x0ScFppLI=,1i/dNnIEwY0NOP5cxXEYMopHdec=
-13,-6,oTEn20DniLLi/tmr83x0ScFppLI=,K2xBVX1G3CVyYwoC+TwbInO+o08=
-7,-6,oTEn20DniLLi/tmr83x0ScFppLI=,1i/dNnIEwY0NOP5cxXEYMopHdec=
-2,-7,oTEn20DniLLi/tmr83x0ScFppLI=,1i/dNnIEwY0NOP5cxXEYMopHdec=
-3,-7,oTEn20DniLLi/tmr83x0ScFppLI=,1i/dNnIEwY0NOP5cxXEYMopHdec=
-6,-4,oTEn20DniLLi/tmr83x0ScFppLI=,1i/dNnIEwY0NOP5cxXEYMopHdec=
-12,-6,oTEn20DniLLi/tmr83x0ScFppLI=,K2xBVX1G3CVyYwoC+TwbInO+o08=
-5,-5,oTEn20DniLLi/tmr83x0ScFppLI=,1i/dNnIEwY0NOP5cxXEYMopHdec=
-7,-3,oTEn20DniLLi/tmr83x0ScFppLI=,1i/dNnIEwY0NOP5cxXEYMopHdec=
-5,-7,oTEn20DniLLi/tmr83x0ScFppLI=,1i/dNnIEwY0NOP5cxXEYMopHdec=
-12,-4,oTEn20DniLLi/tmr83x0ScFppLI=,K2xBVX1G3CVyYwoC+TwbInO+o08=
-3,-6,oTEn20DniLLi/tmr83x0ScFppLI=,1i/dNnIEwY0NOP5cxXEYMopHdec=
-4,-6,oTEn20DniLLi/tmr83x0ScFppLI=,1i/dNnIEwY0NOP5cxXEYMopHdec=
-6,-5,oTEn20DniLLi/tmr83x0ScFppLI=,1i/dNnIEwY0NOP5cxXEYMopHdec=
-4,-2,oTEn20DniLLi/tmr83x0ScFppLI=,1i/dNnIEwY0NOP5cxXEYMopHdec=
-5,-2,oTEn20DniLLi/tmr83x0ScFppLI=,1i/dNnIEwY0NOP5cxXEYMopHdec=
-6,-2,oTEn20DniLLi/tmr83x0ScFppLI=,1i/dNnIEwY0NOP5cxXEYMopHdec=
-5,-6,oTEn20DniLLi/tmr83x0ScFppLI=,1i/dNnIEwY0NOP5cxXEYMopHdec=
-7,-5,oTEn20DniLLi/tmr83x0ScFppLI=,1i/dNnIEwY0NOP5cxXEYMopHdec=
-7,-4,oTEn20DniLLi/tmr83x0ScFppLI=,1i/dNnIEwY0NOP5cxXEYMopHdec=
-4,-7,oTEn20DniLLi/tmr83x0ScFppLI=,1i/dNnIEwY0NOP5cxXEYMopHdec=
-2,-2,oTEn20DniLLi/tmr83x0ScFppLI=,1i/dNnIEwY0NOP5cxXEYMopHdec=
-7,-2,oTEn20DniLLi/tmr83x0ScFppLI=,1i/dNnIEwY0NOP5cxXEYMopHdec=
-3,-2,oTEn20DniLLi/tmr83x0ScFppLI=,1i/dNnIEwY0NOP5cxXEYMopHdec=
-11,-4,oTEn20DniLLi/tmr83x0ScFppLI=,K2xBVX1G3CVyYwoC+TwbInO+o08=
-8,-7,oTEn20DniLLi/tmr83x0ScFppLI=,1i/dNnIEwY0NOP5cxXEYMopHdec=
-9,-2,oTEn20DniLLi/tmr83x0ScFppLI=,K2xBVX1G3CVyYwoC+TwbInO+o08=
-10,-7,oTEn20DniLLi/tmr83x0ScFppLI=,K2xBVX1G3CVyYwoC+TwbInO+o08=
-10,-2,oTEn20DniLLi/tmr83x0ScFppLI=,K2xBVX1G3CVyYwoC+TwbInO+o08=
-11,-7,oTEn20DniLLi/tmr83x0ScFppLI=,K2xBVX1G3CVyYwoC+TwbInO+o08=
-15,-6,oTEn20DniLLi/tmr83x0ScFppLI=,K2xBVX1G3CVyYwoC+TwbInO+o08=
-8,-6,oTEn20DniLLi/tmr83x0ScFppLI=,1i/dNnIEwY0NOP5cxXEYMopHdec=
-12,-7,oTEn20DniLLi/tmr83x0ScFppLI=,K2xBVX1G3CVyYwoC+TwbInO+o08=
-14,-7,oTEn20DniLLi/tmr83x0ScFppLI=,K2xBVX1G3CVyYwoC+TwbInO+o08=
-13,-7,oTEn20DniLLi/tmr83x0ScFppLI=,K2xBVX1G3CVyYwoC+TwbInO+o08=
-9,-7,oTEn20DniLLi/tmr83x0ScFppLI=,K2xBVX1G3CVyYwoC+TwbInO+o08=
-12,-2,oTEn20DniLLi/tmr83x0ScFppLI=,K2xBVX1G3CVyYwoC+TwbInO+o08=
-14,-6,oTEn20DniLLi/tmr83x0ScFppLI=,K2xBVX1G3CVyYwoC+TwbInO+o08=
-14,-2,oTEn20DniLLi/tmr83x0ScFppLI=,K2xBVX1G3CVyYwoC+TwbInO+o08=
-11,-2,oTEn20DniLLi/tmr83x0ScFppLI=,K2xBVX1G3CVyYwoC+TwbInO+o08=
-10,-3,oTEn20DniLLi/tmr83x0ScFppLI=,K2xBVX1G3CVyYwoC+TwbInO+o08=
-9,-3,oTEn20DniLLi/tmr83x0ScFppLI=,K2xBVX1G3CVyYwoC+TwbInO+o08=
-15,-7,oTEn20DniLLi/tmr83x0ScFppLI=,K2xBVX1G3CVyYwoC+TwbInO+o08=
-11,-3,oTEn20DniLLi/tmr83x0ScFppLI=,K2xBVX1G3CVyYwoC+TwbInO+o08=
-10,-4,oTEn20DniLLi/tmr83x0ScFppLI=,K2xBVX1G3CVyYwoC+TwbInO+o08=
-13,-3,oTEn20DniLLi/tmr83x0ScFppLI=,K2xBVX1G3CVyYwoC+TwbInO+o08=
-14,-3,oTEn20DniLLi/tmr83x0ScFppLI=,K2xBVX1G3CVyYwoC+TwbInO+o08=
-15,-2,oTEn20DniLLi/tmr83x0ScFppLI=,K2xBVX1G3CVyYwoC+TwbInO+o08=
-9,-4,oTEn20DniLLi/tmr83x0ScFppLI=,K2xBVX1G3CVyYwoC+TwbInO+o08=
-10,-1,oTEn20DniLLi/tmr83x0ScFppLI=,K2xBVX1G3CVyYwoC+TwbInO+o08=
-11,-1,oTEn20DniLLi/tmr83x0ScFppLI=,K2xBVX1G3CVyYwoC+TwbInO+o08=
-13,-1,oTEn20DniLLi/tmr83x0ScFppLI=,K2xBVX1G3CVyYwoC+TwbInO+o08=
-15,-3,oTEn20DniLLi/tmr83x0ScFppLI=,K2xBVX1G3CVyYwoC+TwbInO+o08=
-14,-1,oTEn20DniLLi/tmr83x0ScFppLI=,K2xBVX1G3CVyYwoC+TwbInO+o08=
-12,-1,oTEn20DniLLi/tmr83x0ScFppLI=,K2xBVX1G3CVyYwoC+TwbInO+o08=
-15,-1,oTEn20DniLLi/tmr83x0ScFppLI=,K2xBVX1G3CVyYwoC+TwbInO+o08=
-12,-12,oTEn20DniLLi/tmr83x0ScFppLI=,ovjCfpYrLqdZjGSltCQhZfMiNLg=
-13,-12,oTEn20DniLLi/tmr83x0ScFppLI=,ovjCfpYrLqdZjGSltCQhZfMiNLg=
-14,-12,oTEn20DniLLi/tmr83x0ScFppLI=,ovjCfpYrLqdZjGSltCQhZfMiNLg=
-11,-13,oTEn20DniLLi/tmr83x0ScFppLI=,ovjCfpYrLqdZjGSltCQhZfMiNLg=
-12,-13,oTEn20DniLLi/tmr83x0ScFppLI=,ovjCfpYrLqdZjGSltCQhZfMiNLg=
-13,-13,oTEn20DniLLi/tmr83x0ScFppLI=,ovjCfpYrLqdZjGSltCQhZfMiNLg=
-14,-13,oTEn20DniLLi/tmr83x0ScFppLI=,ovjCfpYrLqdZjGSltCQhZfMiNLg=
-15,-13,oTEn20DniLLi/tmr83x0ScFppLI=,ovjCfpYrLqdZjGSltCQhZfMiNLg=
-10,-12,oTEn20DniLLi/tmr83x0ScFppLI=,ovjCfpYrLqdZjGSltCQhZfMiNLg=
-10,-8,oTEn20DniLLi/tmr83x0ScFppLI=,K2xBVX1G3CVyYwoC+TwbInO+o08=
-11,-8,oTEn20DniLLi/tmr83x0ScFppLI=,K2xBVX1G3CVyYwoC+TwbInO+o08=
-12,-8,oTEn20DniLLi/tmr83x0ScFppLI=,K2xBVX1G3CVyYwoC+TwbInO+o08=
-11,-12,oTEn20DniLLi/tmr83x0ScFppLI=,ovjCfpYrLqdZjGSltCQhZfMiNLg=
-10,-13,oTEn20DniLLi/tmr83x0ScFppLI=,ovjCfpYrLqdZjGSltCQhZfMiNLg=
-13,-8,oTEn20DniLLi/tmr83x0ScFppLI=,K2xBVX1G3CVyYwoC+TwbInO+o08=
-10,-14,oTEn20DniLLi/tmr83x0ScFppLI=,ovjCfpYrLqdZjGSltCQhZfMiNLg=
-14,-8,oTEn20DniLLi/tmr83x0ScFppLI=,K2xBVX1G3CVyYwoC+TwbInO+o08=
-15,-8,oTEn20DniLLi/tmr83x0ScFppLI=,K2xBVX1G3CVyYwoC+TwbInO+o08=
-12,-3,oTEn20DniLLi/tmr83x0ScFppLI=,K2xBVX1G3CVyYwoC+TwbInO+o08=
-14,-14,oTEn20DniLLi/tmr83x0ScFppLI=,ovjCfpYrLqdZjGSltCQhZfMiNLg=
-15,-14,oTEn20DniLLi/tmr83x0ScFppLI=,ovjCfpYrLqdZjGSltCQhZfMiNLg=
-13,-14,oTEn20DniLLi/tmr83x0ScFppLI=,ovjCfpYrLqdZjGSltCQhZfMiNLg=
-2,-10,oTEn20DniLLi/tmr83x0ScFppLI=,tt7eO/rWNcCNemCQBNr8j+ugB68=
-15,-11,oTEn20DniLLi/tmr83x0ScFppLI=,ovjCfpYrLqdZjGSltCQhZfMiNLg=
-11,-9,oTEn20DniLLi/tmr83x0ScFppLI=,ovjCfpYrLqdZjGSltCQhZfMiNLg=
-11,-14,oTEn20DniLLi/tmr83x0ScFppLI=,ovjCfpYrLqdZjGSltCQhZfMiNLg=
-3,-10,oTEn20DniLLi/tmr83x0ScFppLI=,tt7eO/rWNcCNemCQBNr8j+ugB68=
-4,-10,oTEn20DniLLi/tmr83x0ScFppLI=,tt7eO/rWNcCNemCQBNr8j+ugB68=
-12,-14,oTEn20DniLLi/tmr83x0ScFppLI=,ovjCfpYrLqdZjGSltCQhZfMiNLg=
-8,-9,oTEn20DniLLi/tmr83x0ScFppLI=,tt7eO/rWNcCNemCQBNr8j+ugB68=
-5,-10,oTEn20DniLLi/tmr83x0ScFppLI=,tt7eO/rWNcCNemCQBNr8j+ugB68=
-9,-13,oTEn20DniLLi/tmr83x0ScFppLI=,ovjCfpYrLqdZjGSltCQhZfMiNLg=
-6,-10,oTEn20DniLLi/tmr83x0ScFppLI=,tt7eO/rWNcCNemCQBNr8j+ugB68=
-9,-12,oTEn20DniLLi/tmr83x0ScFppLI=,ovjCfpYrLqdZjGSltCQhZfMiNLg=
-8,-10,oTEn20DniLLi/tmr83x0ScFppLI=,tt7eO/rWNcCNemCQBNr8j+ugB68=
-12,-15,oTEn20DniLLi/tmr83x0ScFppLI=,ovjCfpYrLqdZjGSltCQhZfMiNLg=
-2,-11,oTEn20DniLLi/tmr83x0ScFppLI=,tt7eO/rWNcCNemCQBNr8j+ugB68=
-10,-15,oTEn20DniLLi/tmr83x0ScFppLI=,ovjCfpYrLqdZjGSltCQhZfMiNLg=
-14,-11,oTEn20DniLLi/tmr83x0ScFppLI=,ovjCfpYrLqdZjGSltCQhZfMiNLg=
-7,-9,oTEn20DniLLi/tmr83x0ScFppLI=,tt7eO/rWNcCNemCQBNr8j+ugB68=
-11,-15,oTEn20DniLLi/tmr83x0ScFppLI=,ovjCfpYrLqdZjGSltCQhZfMiNLg=
-3,-11,oTEn20DniLLi/tmr83x0ScFppLI=,tt7eO/rWNcCNemCQBNr8j+ugB68=
-7,-10,oTEn20DniLLi/tmr83x0ScFppLI=,tt7eO/rWNcCNemCQBNr8j+ugB68=
-13,-15,oTEn20DniLLi/tmr83x0ScFppLI=,ovjCfpYrLqdZjGSltCQhZfMiNLg=
-4,-11,oTEn20DniLLi/tmr83x0ScFppLI=,tt7eO/rWNcCNemCQBNr8j+ugB68=
-7,-8,oTEn20DniLLi/tmr83x0ScFppLI=,1i/dNnIEwY0NOP5cxXEYMopHdec=
-7,-11,oTEn20DniLLi/tmr83x0ScFppLI=,tt7eO/rWNcCNemCQBNr8j+ugB68=
-2,-12,oTEn20DniLLi/tmr83x0ScFppLI=,tt7eO/rWNcCNemCQBNr8j+ugB68=
-14,-15,oTEn20DniLLi/tmr83x0ScFppLI=,ovjCfpYrLqdZjGSltCQhZfMiNLg=
-6,-9,oTEn20DniLLi/tmr83x0ScFppLI=,tt7eO/rWNcCNemCQBNr8j+ugB68=
-5,-11,oTEn20DniLLi/tmr83x0ScFppLI=,tt7eO/rWNcCNemCQBNr8j+ugB68=
-3,-12,oTEn20DniLLi/tmr83x0ScFppLI=,tt7eO/rWNcCNemCQBNr8j+ugB68=
-13,-11,oTEn20DniLLi/tmr83x0ScFppLI=,ovjCfpYrLqdZjGSltCQhZfMiNLg=
-4,-12,oTEn20DniLLi/tmr83x0ScFppLI=,tt7eO/rWNcCNemCQBNr8j+ugB68=
-5,-12,oTEn20DniLLi/tmr83x0ScFppLI=,tt7eO/rWNcCNemCQBNr8j+ugB68=
-5,-9,oTEn20DniLLi/tmr83x0ScFppLI=,tt7eO/rWNcCNemCQBNr8j+ugB68=
-6,-11,oTEn20DniLLi/tmr83x0ScFppLI=,tt7eO/rWNcCNemCQBNr8j+ugB68=
-7,-12,oTEn20DniLLi/tmr83x0ScFppLI=,tt7eO/rWNcCNemCQBNr8j+ugB68=
-9,-8,oTEn20DniLLi/tmr83x0ScFppLI=,K2xBVX1G3CVyYwoC+TwbInO+o08=
-12,-9,oTEn20DniLLi/tmr83x0ScFppLI=,ovjCfpYrLqdZjGSltCQhZfMiNLg=
-13,-2,oTEn20DniLLi/tmr83x0ScFppLI=,K2xBVX1G3CVyYwoC+TwbInO+o08=
-4,-9,oTEn20DniLLi/tmr83x0ScFppLI=,tt7eO/rWNcCNemCQBNr8j+ugB68=
-2,-8,oTEn20DniLLi/tmr83x0ScFppLI=,1i/dNnIEwY0NOP5cxXEYMopHdec=
-15,-15,oTEn20DniLLi/tmr83x0ScFppLI=,ovjCfpYrLqdZjGSltCQhZfMiNLg=
-10,-9,oTEn20DniLLi/tmr83x0ScFppLI=,ovjCfpYrLqdZjGSltCQhZfMiNLg=
-2,-13,oTEn20DniLLi/tmr83x0ScFppLI=,tt7eO/rWNcCNemCQBNr8j+ugB68=
-3,-9,oTEn20DniLLi/tmr83x0ScFppLI=,tt7eO/rWNcCNemCQBNr8j+ugB68=
-6,-12,oTEn20DniLLi/tmr83x0ScFppLI=,tt7eO/rWNcCNemCQBNr8j+ugB68=
-12,-11,oTEn20DniLLi/tmr83x0ScFppLI=,ovjCfpYrLqdZjGSltCQhZfMiNLg=
-9,-14,oTEn20DniLLi/tmr83x0ScFppLI=,ovjCfpYrLqdZjGSltCQhZfMiNLg=
-3,-13,oTEn20DniLLi/tmr83x0ScFppLI=,tt7eO/rWNcCNemCQBNr8j+ugB68=
-5,-13,oTEn20DniLLi/tmr83x0ScFppLI=,tt7eO/rWNcCNemCQBNr8j+ugB68=
-8,-12,oTEn20DniLLi/tmr83x0ScFppLI=,tt7eO/rWNcCNemCQBNr8j+ugB68=
-2,-9,oTEn20DniLLi/tmr83x0ScFppLI=,tt7eO/rWNcCNemCQBNr8j+ugB68=
-14,-9,oTEn20DniLLi/tmr83x0ScFppLI=,ovjCfpYrLqdZjGSltCQhZfMiNLg=
-6,-13,oTEn20DniLLi/tmr83x0ScFppLI=,tt7eO/rWNcCNemCQBNr8j+ugB68=
-7,-13,oTEn20DniLLi/tmr83x0ScFppLI=,tt7eO/rWNcCNemCQBNr8j+ugB68=
-8,-8,oTEn20DniLLi/tmr83x0ScFppLI=,1i/dNnIEwY0NOP5cxXEYMopHdec=
-4,-13,oTEn20DniLLi/tmr83x0ScFppLI=,tt7eO/rWNcCNemCQBNr8j+ugB68=
-10,-10,oTEn20DniLLi/tmr83x0ScFppLI=,ovjCfpYrLqdZjGSltCQhZfMiNLg=
-11,-10,oTEn20DniLLi/tmr83x0ScFppLI=,ovjCfpYrLqdZjGSltCQhZfMiNLg=
-11,-11,oTEn20DniLLi/tmr83x0ScFppLI=,ovjCfpYrLqdZjGSltCQhZfMiNLg=
-15,-12,oTEn20DniLLi/tmr83x0ScFppLI=,ovjCfpYrLqdZjGSltCQhZfMiNLg=
-8,-11,oTEn20DniLLi/tmr83x0ScFppLI=,tt7eO/rWNcCNemCQBNr8j+ugB68=
-15,-9,oTEn20DniLLi/tmr83x0ScFppLI=,ovjCfpYrLqdZjGSltCQhZfMiNLg=
-2,-14,oTEn20DniLLi/tmr83x0ScFppLI=,tt7eO/rWNcCNemCQBNr8j+ugB68=
-5,-14,oTEn20DniLLi/tmr83x0ScFppLI=,tt7eO/rWNcCNemCQBNr8j+ugB68=
-3,-14,oTEn20DniLLi/tmr83x0ScFppLI=,tt7eO/rWNcCNemCQBNr8j+ugB68=
-6,-8,oTEn20DniLLi/tmr83x0ScFppLI=,1i/dNnIEwY0NOP5cxXEYMopHdec=
-9,-9,oTEn20DniLLi/tmr83x0ScFppLI=,ovjCfpYrLqdZjGSltCQhZfMiNLg=
-10,-11,oTEn20DniLLi/tmr83x0ScFppLI=,ovjCfpYrLqdZjGSltCQhZfMiNLg=
-1,-11,oTEn20DniLLi/tmr83x0ScFppLI=,tt7eO/rWNcCNemCQBNr8j+ugB68=
-1,-13,oTEn20DniLLi/tmr83x0ScFppLI=,tt7eO/rWNcCNemCQBNr8j+ugB68=
-12,-10,oTEn20DniLLi/tmr83x0ScFppLI=,ovjCfpYrLqdZjGSltCQhZfMiNLg=
-7,-14,oTEn20DniLLi/tmr83x0ScFppLI=,tt7eO/rWNcCNemCQBNr8j+ugB68=
-1,-15,oTEn20DniLLi/tmr83x0ScFppLI=,tt7eO/rWNcCNemCQBNr8j+ugB68=
-15,-10,oTEn20DniLLi/tmr83x0ScFppLI=,ovjCfpYrLqdZjGSltCQhZfMiNLg=
-1,-12,oTEn20DniLLi/tmr83x0ScFppLI=,tt7eO/rWNcCNemCQBNr8j+ugB68=
-9,-11,oTEn20DniLLi/tmr83x0ScFppLI=,ovjCfpYrLqdZjGSltCQhZfMiNLg=
-6,-14,oTEn20DniLLi/tmr83x0ScFppLI=,tt7eO/rWNcCNemCQBNr8j+ugB68=
-1,-14,oTEn20DniLLi/tmr83x0ScFppLI=,tt7eO/rWNcCNemCQBNr8j+ugB68=
-16,-11,oTEn20DniLLi/tmr83x0ScFppLI=,ovjCfpYrLqdZjGSltCQhZfMiNLg=
-3,-8,oTEn20DniLLi/tmr83x0ScFppLI=,1i/dNnIEwY0NOP5cxXEYMopHdec=
-14,-10,oTEn20DniLLi/tmr83x0ScFppLI=,ovjCfpYrLqdZjGSltCQhZfMiNLg=
-16,-13,oTEn20DniLLi/tmr83x0ScFppLI=,ovjCfpYrLqdZjGSltCQhZfMiNLg=
-9,-10,oTEn20DniLLi/tmr83x0ScFppLI=,ovjCfpYrLqdZjGSltCQhZfMiNLg=
-16,-10,oTEn20DniLLi/tmr83x0ScFppLI=,ovjCfpYrLqdZjGSltCQhZfMiNLg=
-9,-15,oTEn20DniLLi/tmr83x0ScFppLI=,ovjCfpYrLqdZjGSltCQhZfMiNLg=
-13,-10,oTEn20DniLLi/tmr83x0ScFppLI=,ovjCfpYrLqdZjGSltCQhZfMiNLg=
-16,-12,oTEn20DniLLi/tmr83x0ScFppLI=,ovjCfpYrLqdZjGSltCQhZfMiNLg=
-16,-15,oTEn20DniLLi/tmr83x0ScFppLI=,ovjCfpYrLqdZjGSltCQhZfMiNLg=
-5,-8,oTEn20DniLLi/tmr83x0ScFppLI=,1i/dNnIEwY0NOP5cxXEYMopHdec=
-4,-14,oTEn20DniLLi/tmr83x0ScFppLI=,tt7eO/rWNcCNemCQBNr8j+ugB68=
-16,-14,oTEn20DniLLi/tmr83x0ScFppLI=,ovjCfpYrLqdZjGSltCQhZfMiNLg=
-8,-14,oTEn20DniLLi/tmr83x0ScFppLI=,tt7eO/rWNcCNemCQBNr8j+ugB68=
-4,-15,oTEn20DniLLi/tmr83x0ScFppLI=,tt7eO/rWNcCNemCQBNr8j+ugB68=
-5,-15,oTEn20DniLLi/tmr83x0ScFppLI=,tt7eO/rWNcCNemCQBNr8j+ugB68=
-8,-15,oTEn20DniLLi/tmr83x0ScFppLI=,tt7eO/rWNcCNemCQBNr8j+ugB68=
-8,-13,oTEn20DniLLi/tmr83x0ScFppLI=,tt7eO/rWNcCNemCQBNr8j+ugB68=
-2,-15,oTEn20DniLLi/tmr83x0ScFppLI=,tt7eO/rWNcCNemCQBNr8j+ugB68=
-7,-16,oTEn20DniLLi/tmr83x0ScFppLI=,tt7eO/rWNcCNemCQBNr8j+ugB68=
-4,-8,oTEn20DniLLi/tmr83x0ScFppLI=,1i/dNnIEwY0NOP5cxXEYMopHdec=
-6,-16,oTEn20DniLLi/tmr83x0ScFppLI=,tt7eO/rWNcCNemCQBNr8j+ugB68=
-7,-15,oTEn20DniLLi/tmr83x0ScFppLI=,tt7eO/rWNcCNemCQBNr8j+ugB68=
-9,-1,oTEn20DniLLi/tmr83x0ScFppLI=,K2xBVX1G3CVyYwoC+TwbInO+o08=
-5,-16,oTEn20DniLLi/tmr83x0ScFppLI=,tt7eO/rWNcCNemCQBNr8j+ugB68=
-3,-1,oTEn20DniLLi/tmr83x0ScFppLI=,1i/dNnIEwY0NOP5cxXEYMopHdec=
-4,-16,oTEn20DniLLi/tmr83x0ScFppLI=,tt7eO/rWNcCNemCQBNr8j+ugB68=
-1,-16,oTEn20DniLLi/tmr83x0ScFppLI=,tt7eO/rWNcCNemCQBNr8j+ugB68=
-16,-16,oTEn20DniLLi/tmr83x0ScFppLI=,ovjCfpYrLqdZjGSltCQhZfMiNLg=
-2,-16,oTEn20DniLLi/tmr83x0ScFppLI=,tt7eO/rWNcCNemCQBNr8j+ugB68=
-8,-1,oTEn20DniLLi/tmr83x0ScFppLI=,1i/dNnIEwY0NOP5cxXEYMopHdec=
-3,-16,oTEn20DniLLi/tmr83x0ScFppLI=,tt7eO/rWNcCNemCQBNr8j+ugB68=
-15,-16,oTEn20DniLLi/tmr83x0ScFppLI=,ovjCfpYrLqdZjGSltCQhZfMiNLg=
-5,-1,oTEn20DniLLi/tmr83x0ScFppLI=,1i/dNnIEwY0NOP5cxXEYMopHdec=
-1,-1,oTEn20DniLLi/tmr83x0ScFppLI=,1i/dNnIEwY0NOP5cxXEYMopHdec=
-4,-1,oTEn20DniLLi/tmr83x0ScFppLI=,1i/dNnIEwY0NOP5cxXEYMopHdec=
-14,-16,oTEn20DniLLi/tmr83x0ScFppLI=,ovjCfpYrLqdZjGSltCQhZfMiNLg=
-6,-1,oTEn20DniLLi/tmr83x0ScFppLI=,1i/dNnIEwY0NOP5cxXEYMopHdec=
-13,-9,oTEn20DniLLi/tmr83x0ScFppLI=,ovjCfpYrLqdZjGSltCQhZfMiNLg=
-1,-3,oTEn20DniLLi/tmr83x0ScFppLI=,1i/dNnIEwY0NOP5cxXEYMopHdec=
-1,-4,oTEn20DniLLi/tmr83x0ScFppLI=,1i/dNnIEwY0NOP5cxXEYMopHdec=
-13,-16,oTEn20DniLLi/tmr83x0ScFppLI=,ovjCfpYrLqdZjGSltCQhZfMiNLg=
-3,-15,oTEn20DniLLi/tmr83x0ScFppLI=,tt7eO/rWNcCNemCQBNr8j+ugB68=
-2,-1,oTEn20DniLLi/tmr83x0ScFppLI=,1i/dNnIEwY0NOP5cxXEYMopHdec=
-1,-10,oTEn20DniLLi/tmr83x0ScFppLI=,tt7eO/rWNcCNemCQBNr8j+ugB68=
-12,-16,oTEn20DniLLi/tmr83x0ScFppLI=,ovjCfpYrLqdZjGSltCQhZfMiNLg=
-6,-15,oTEn20DniLLi/tmr83x0ScFppLI=,tt7eO/rWNcCNemCQBNr8j+ugB68=
-7,-1,oTEn20DniLLi/tmr83x0ScFppLI=,1i/dNnIEwY0NOP5cxXEYMopHdec=
-1,-5,oTEn20DniLLi/tmr83x0ScFppLI=,1i/dNnIEwY0NOP5cxXEYMopHdec=
-1,-6,oTEn20DniLLi/tmr83x0ScFppLI=,1i/dNnIEwY0NOP5cxXEYMopHdec=
-8,-16,oTEn20DniLLi/tmr83x0ScFppLI=,tt7eO/rWNcCNemCQBNr8j+ugB68=
-1,-8,oTEn20DniLLi/tmr83x0ScFppLI=,1i/dNnIEwY0NOP5cxXEYMopHdec=
-1,-2,oTEn20DniLLi/tmr83x0ScFppLI=,1i/dNnIEwY0NOP5cxXEYMopHdec=
-10,-16,oTEn20DniLLi/tmr83x0ScFppLI=,ovjCfpYrLqdZjGSltCQhZfMiNLg=
-11,-16,oTEn20DniLLi/tmr83x0ScFppLI=,ovjCfpYrLqdZjGSltCQhZfMiNLg=
-16,-4,oTEn20DniLLi/tmr83x0ScFppLI=,K2xBVX1G3CVyYwoC+TwbInO+o08=
-16,-5,oTEn20DniLLi/tmr83x0ScFppLI=,K2xBVX1G3CVyYwoC+TwbInO+o08=
-16,-6,oTEn20DniLLi/tmr83x0ScFppLI=,K2xBVX1G3CVyYwoC+TwbInO+o08=
-1,-7,oTEn20DniLLi/tmr83x0ScFppLI=,1i/dNnIEwY0NOP5cxXEYMopHdec=
-1,-9,oTEn20DniLLi/tmr83x0ScFppLI=,tt7eO/rWNcCNemCQBNr8j+ugB68=
-16,-9,oTEn20DniLLi/tmr83x0ScFppLI=,ovjCfpYrLqdZjGSltCQhZfMiNLg=
-9,-16,oTEn20DniLLi/tmr83x0ScFppLI=,ovjCfpYrLqdZjGSltCQhZfMiNLg=
-16,-7,oTEn20DniLLi/tmr83x0ScFppLI=,K2xBVX1G3CVyYwoC+TwbInO+o08=
-16,-1,oTEn20DniLLi/tmr83x0ScFppLI=,K2xBVX1G3CVyYwoC+TwbInO+o08=
-16,-3,oTEn20DniLLi/tmr83x0ScFppLI=,K2xBVX1G3CVyYwoC+TwbInO+o08=
-16,-2,oTEn20DniLLi/tmr83x0ScFppLI=,K2xBVX1G3CVyYwoC+TwbInO+o08=
-16,-8,oTEn20DniLLi/tmr83x0ScFppLI=,K2xBVX1G3CVyYwoC+TwbInO+o08=
-12,-27,PsJER7BMtNLWhNtUs0s7Sh6HL7Y=,rSB4ktDfeThznzjfPDPafeTIoGE=
-13,-27,PsJER7BMtNLWhNtUs0s7Sh6HL7Y=,rSB4ktDfeThznzjfPDPafeTIoGE=
-11,-27,PsJER7BMtNLWhNtUs0s7Sh6HL7Y=,rSB4ktDfeThznzjfPDPafeTIoGE=
-14,-27,PsJER7BMtNLWhNtUs0s7Sh6HL7Y=,rSB4ktDfeThznzjfPDPafeTIoGE=
-15,-27,PsJER7BMtNLWhNtUs0s7Sh6HL7Y=,rSB4ktDfeThznzjfPDPafeTIoGE=
-10,-28,PsJER7BMtNLWhNtUs0s7Sh6HL7Y=,rSB4ktDfeThznzjfPDPafeTIoGE=
-10,-27,PsJER7BMtNLWhNtUs0s7Sh6HL7Y=,rSB4ktDfeThznzjfPDPafeTIoGE=
-15,-32,PsJER7BMtNLWhNtUs0s7Sh6HL7Y=,rSB4ktDfeThznzjfPDPafeTIoGE=
-15,-26,PsJER7BMtNLWhNtUs0s7Sh6HL7Y=,rSB4ktDfeThznzjfPDPafeTIoGE=
-14,-26,PsJER7BMtNLWhNtUs0s7Sh6HL7Y=,rSB4ktDfeThznzjfPDPafeTIoGE=
-11,-28,PsJER7BMtNLWhNtUs0s7Sh6HL7Y=,rSB4ktDfeThznzjfPDPafeTIoGE=
-14,-32,PsJER7BMtNLWhNtUs0s7Sh6HL7Y=,rSB4ktDfeThznzjfPDPafeTIoGE=
-13,-32,PsJER7BMtNLWhNtUs0s7Sh6HL7Y=,rSB4ktDfeThznzjfPDPafeTIoGE=
-13,-26,PsJER7BMtNLWhNtUs0s7Sh6HL7Y=,rSB4ktDfeThznzjfPDPafeTIoGE=
-12,-32,PsJER7BMtNLWhNtUs0s7Sh6HL7Y=,rSB4ktDfeThznzjfPDPafeTIoGE=
-11,-32,PsJER7BMtNLWhNtUs0s7Sh6HL7Y=,rSB4ktDfeThznzjfPDPafeTIoGE=
-12,-26,PsJER7BMtNLWhNtUs0s7Sh6HL7Y=,rSB4ktDfeThznzjfPDPafeTIoGE=
-11,-26,PsJER7BMtNLWhNtUs0s7Sh6HL7Y=,rSB4ktDfeThznzjfPDPafeTIoGE=
-12,-28,PsJER7BMtNLWhNtUs0s7Sh6HL7Y=,rSB4ktDfeThznzjfPDPafeTIoGE=
-13,-28,PsJER7BMtNLWhNtUs0s7Sh6HL7Y=,rSB4ktDfeThznzjfPDPafeTIoGE=
-10,-26,PsJER7BMtNLWhNtUs0s7Sh6HL7Y=,rSB4ktDfeThznzjfPDPafeTIoGE=
-10,-32,PsJER7BMtNLWhNtUs0s7Sh6HL7Y=,rSB4ktDfeThznzjfPDPafeTIoGE=
-14,-28,PsJER7BMtNLWhNtUs0s7Sh6HL7Y=,rSB4ktDfeThznzjfPDPafeTIoGE=
-15,-28,PsJER7BMtNLWhNtUs0s7Sh6HL7Y=,rSB4ktDfeThznzjfPDPafeTIoGE=
-10,-29,PsJER7BMtNLWhNtUs0s7Sh6HL7Y=,rSB4ktDfeThznzjfPDPafeTIoGE=
-15,-31,PsJER7BMtNLWhNtUs0s7Sh6HL7Y=,rSB4ktDfeThznzjfPDPafeTIoGE=
-11,-29,PsJER7BMtNLWhNtUs0s7Sh6HL7Y=,rSB4ktDfeThznzjfPDPafeTIoGE=
-14,-31,PsJER7BMtNLWhNtUs0s7Sh6HL7Y=,rSB4ktDfeThznzjfPDPafeTIoGE=
-13,-31,PsJER7BMtNLWhNtUs0s7Sh6HL7Y=,rSB4ktDfeThznzjfPDPafeTIoGE=
-12,-31,PsJER7BMtNLWhNtUs0s7Sh6HL7Y=,rSB4ktDfeThznzjfPDPafeTIoGE=
-11,-31,PsJER7BMtNLWhNtUs0s7Sh6HL7Y=,rSB4ktDfeThznzjfPDPafeTIoGE=
-10,-31,PsJER7BMtNLWhNtUs0s7Sh6HL7Y=,rSB4ktDfeThznzjfPDPafeTIoGE=
-15,-30,PsJER7BMtNLWhNtUs0s7Sh6HL7Y=,rSB4ktDfeThznzjfPDPafeTIoGE=
-14,-30,PsJER7BMtNLWhNtUs0s7Sh6HL7Y=,rSB4ktDfeThznzjfPDPafeTIoGE=
-13,-30,PsJER7BMtNLWhNtUs0s7Sh6HL7Y=,rSB4ktDfeThznzjfPDPafeTIoGE=
-12,-29,PsJER7BMtNLWhNtUs0s7Sh6HL7Y=,rSB4ktDfeThznzjfPDPafeTIoGE=
-12,-30,PsJER7BMtNLWhNtUs0s7Sh6HL7Y=,rSB4ktDfeThznzjfPDPafeTIoGE=
-13,-29,PsJER7BMtNLWhNtUs0s7Sh6HL7Y=,rSB4ktDfeThznzjfPDPafeTIoGE=
-11,-30,PsJER7BMtNLWhNtUs0s7Sh6HL7Y=,rSB4ktDfeThznzjfPDPafeTIoGE=
-14,-29,PsJER7BMtNLWhNtUs0s7Sh6HL7Y=,rSB4ktDfeThznzjfPDPafeTIoGE=
-15,-29,PsJER7BMtNLWhNtUs0s7Sh6HL7Y=,rSB4ktDfeThznzjfPDPafeTIoGE=
-10,-30,PsJER7BMtNLWhNtUs0s7Sh6HL7Y=,rSB4ktDfeThznzjfPDPafeTIoGE=
-6,-19,PsJER7BMtNLWhNtUs0s7Sh6HL7Y=,zslnMTyA2f+U5Dv7QUtt+1ktLpo=
-6,-23,PsJER7BMtNLWhNtUs0s7Sh6HL7Y=,zslnMTyA2f+U5Dv7QUtt+1ktLpo=
-5,-23,PsJER7BMtNLWhNtUs0s7Sh6HL7Y=,zslnMTyA2f+U5Dv7QUtt+1ktLpo=
-4,-17,PsJER7BMtNLWhNtUs0s7Sh6HL7Y=,zslnMTyA2f+U5Dv7QUtt+1ktLpo=
-5,-17,PsJER7BMtNLWhNtUs0s7Sh6HL7Y=,zslnMTyA2f+U5Dv7QUtt+1ktLpo=
-3,-17,PsJER7BMtNLWhNtUs0s7Sh6HL7Y=,zslnMTyA2f+U5Dv7QUtt+1ktLpo=
-2,-17,PsJER7BMtNLWhNtUs0s7Sh6HL7Y=,zslnMTyA2f+U5Dv7QUtt+1ktLpo=
-7,-17,PsJER7BMtNLWhNtUs0s7Sh6HL7Y=,zslnMTyA2f+U5Dv7QUtt+1ktLpo=
-6,-22,PsJER7BMtNLWhNtUs0s7Sh6HL7Y=,zslnMTyA2f+U5Dv7QUtt+1ktLpo=
-5,-22,PsJER7BMtNLWhNtUs0s7Sh6HL7Y=,zslnMTyA2f+U5Dv7QUtt+1ktLpo=
-4,-22,PsJER7BMtNLWhNtUs0s7Sh6HL7Y=,zslnMTyA2f+U5Dv7QUtt+1ktLpo=
-7,-22,PsJER7BMtNLWhNtUs0s7Sh6HL7Y=,zslnMTyA2f+U5Dv7QUtt+1ktLpo=
-6,-17,PsJER7BMtNLWhNtUs0s7Sh6HL7Y=,zslnMTyA2f+U5Dv7QUtt+1ktLpo=
-2,-18,PsJER7BMtNLWhNtUs0s7Sh6HL7Y=,zslnMTyA2f+U5Dv7QUtt+1ktLpo=
-2,-19,PsJER7BMtNLWhNtUs0s7Sh6HL7Y=,zslnMTyA2f+U5Dv7QUtt+1ktLpo=
-3,-18,PsJER7BMtNLWhNtUs0s7Sh6HL7Y=,zslnMTyA2f+U5Dv7QUtt+1ktLpo=
-2,-23,PsJER7BMtNLWhNtUs0s7Sh6HL7Y=,zslnMTyA2f+U5Dv7QUtt+1ktLpo=
-3,-19,PsJER7BMtNLWhNtUs0s7Sh6HL7Y=,zslnMTyA2f+U5Dv7QUtt+1ktLpo=
-4,-18,PsJER7BMtNLWhNtUs0s7Sh6HL7Y=,zslnMTyA2f+U5Dv7QUtt+1ktLpo=
-4,-19,PsJER7BMtNLWhNtUs0s7Sh6HL7Y=,zslnMTyA2f+U5Dv7QUtt+1ktLpo=
-5,-18,PsJER7BMtNLWhNtUs0s7Sh6HL7Y=,zslnMTyA2f+U5Dv7QUtt+1ktLpo=
-9,-17,PsJER7BMtNLWhNtUs0s7Sh6HL7Y=,i+9SscI40bkr+9hPxLKdnEkleWs=
-3,-22,PsJER7BMtNLWhNtUs0s7Sh6HL7Y=,zslnMTyA2f+U5Dv7QUtt+1ktLpo=
-3,-23,PsJER7BMtNLWhNtUs0s7Sh6HL7Y=,zslnMTyA2f+U5Dv7QUtt+1ktLpo=
-14,-21,PsJER7BMtNLWhNtUs0s7Sh6HL7Y=,i+9SscI40bkr+9hPxLKdnEkleWs=
-12,-21,PsJER7BMtNLWhNtUs0s7Sh6HL7Y=,i+9SscI40bkr+9hPxLKdnEkleWs=
-13,-21,PsJER7BMtNLWhNtUs0s7Sh6HL7Y=,i+9SscI40bkr+9hPxLKdnEkleWs=
-16,-20,PsJER7BMtNLWhNtUs0s7Sh6HL7Y=,i+9SscI40bkr+9hPxLKdnEkleWs=
-16,-19,PsJER7BMtNLWhNtUs0s7Sh6HL7Y=,i+9SscI40bkr+9hPxLKdnEkleWs=
-16,-18,PsJER7BMtNLWhNtUs0s7Sh6HL7Y=,i+9SscI40bkr+9hPxLKdnEkleWs=
-10,-17,PsJER7BMtNLWhNtUs0s7Sh6HL7Y=,i+9SscI40bkr+9hPxLKdnEkleWs=
-16,-23,PsJER7BMtNLWhNtUs0s7Sh6HL7Y=,i+9SscI40bkr+9hPxLKdnEkleWs=
-8,-23,PsJER7BMtNLWhNtUs0s7Sh6HL7Y=,zslnMTyA2f+U5Dv7QUtt+1ktLpo=
-15,-21,PsJER7BMtNLWhNtUs0s7Sh6HL7Y=,i+9SscI40bkr+9hPxLKdnEkleWs=
-16,-22,PsJER7BMtNLWhNtUs0s7Sh6HL7Y=,i+9SscI40bkr+9hPxLKdnEkleWs=
-7,-19,PsJER7BMtNLWhNtUs0s7Sh6HL7Y=,zslnMTyA2f+U5Dv7QUtt+1ktLpo=
-5,-21,PsJER7BMtNLWhNtUs0s7Sh6HL7Y=,zslnMTyA2f+U5Dv7QUtt+1ktLpo=
-16,-21,PsJER7BMtNLWhNtUs0s7Sh6HL7Y=,i+9SscI40bkr+9hPxLKdnEkleWs=
-5,-19,PsJER7BMtNLWhNtUs0s7Sh6HL7Y=,zslnMTyA2f+U5Dv7QUtt+1ktLpo=
-6,-18,PsJER7BMtNLWhNtUs0s7Sh6HL7Y=,zslnMTyA2f+U5Dv7QUtt+1ktLpo=
-7,-21,PsJER7BMtNLWhNtUs0s7Sh6HL7Y=,zslnMTyA2f+U5Dv7QUtt+1ktLpo=
-9,-22,PsJER7BMtNLWhNtUs0s7Sh6HL7Y=,i+9SscI40bkr+9hPxLKdnEkleWs=
-8,-17,PsJER7BMtNLWhNtUs0s7Sh6HL7Y=,zslnMTyA2f+U5Dv7QUtt+1ktLpo=
-16,-32,PsJER7BMtNLWhNtUs0s7Sh6HL7Y=,rSB4ktDfeThznzjfPDPafeTIoGE=
-16,-26,PsJER7BMtNLWhNtUs0s7Sh6HL7Y=,rSB4ktDfeThznzjfPDPafeTIoGE=
-6,-20,PsJER7BMtNLWhNtUs0s7Sh6HL7Y=,zslnMTyA2f+U5Dv7QUtt+1ktLpo=
-7,-20,PsJER7BMtNLWhNtUs0s7Sh6HL7Y=,zslnMTyA2f+U5Dv7QUtt+1ktLpo=
-7,-18,PsJER7BMtNLWhNtUs0s7Sh6HL7Y=,zslnMTyA2f+U5Dv7QUtt+1ktLpo=
-16,-27,PsJER7BMtNLWhNtUs0s7Sh6HL7Y=,rSB4ktDfeThznzjfPDPafeTIoGE=
-16,-28,PsJER7BMtNLWhNtUs0s7Sh6HL7Y=,rSB4ktDfeThznzjfPDPafeTIoGE=
-5,-20,PsJER7BMtNLWhNtUs0s7Sh6HL7Y=,zslnMTyA2f+U5Dv7QUtt+1ktLpo=
-16,-25,PsJER7BMtNLWhNtUs0s7Sh6HL7Y=,rSB4ktDfeThznzjfPDPafeTIoGE=
-3,-20,PsJER7BMtNLWhNtUs0s7Sh6HL7Y=,zslnMTyA2f+U5Dv7QUtt+1ktLpo=
-16,-29,PsJER7BMtNLWhNtUs0s7Sh6HL7Y=,rSB4ktDfeThznzjfPDPafeTIoGE=
-4,-20,PsJER7BMtNLWhNtUs0s7Sh6HL7Y=,zslnMTyA2f+U5Dv7QUtt+1ktLpo=
-16,-31,PsJER7BMtNLWhNtUs0s7Sh6HL7Y=,rSB4ktDfeThznzjfPDPafeTIoGE=
-2,-21,PsJER7BMtNLWhNtUs0s7Sh6HL7Y=,zslnMTyA2f+U5Dv7QUtt+1ktLpo=
-16,-30,PsJER7BMtNLWhNtUs0s7Sh6HL7Y=,rSB4ktDfeThznzjfPDPafeTIoGE=
-16,-24,PsJER7BMtNLWhNtUs0s7Sh6HL7Y=,i+9SscI40bkr+9hPxLKdnEkleWs=
-11,-17,PsJER7BMtNLWhNtUs0s7Sh6HL7Y=,i+9SscI40bkr+9hPxLKdnEkleWs=
-10,-22,PsJER7BMtNLWhNtUs0s7Sh6HL7Y=,i+9SscI40bkr+9hPxLKdnEkleWs=
-11,-22,PsJER7BMtNLWhNtUs0s7Sh6HL7Y=,i+9SscI40bkr+9hPxLKdnEkleWs=
-13,-22,PsJER7BMtNLWhNtUs0s7Sh6HL7Y=,i+9SscI40bkr+9hPxLKdnEkleWs=
-14,-22,PsJER7BMtNLWhNtUs0s7Sh6HL7Y=,i+9SscI40bkr+9hPxLKdnEkleWs=
-12,-17,PsJER7BMtNLWhNtUs0s7Sh6HL7Y=,i+9SscI40bkr+9hPxLKdnEkleWs=
-7,-23,PsJER7BMtNLWhNtUs0s7Sh6HL7Y=,zslnMTyA2f+U5Dv7QUtt+1ktLpo=
-1,-22,PsJER7BMtNLWhNtUs0s7Sh6HL7Y=,zslnMTyA2f+U5Dv7QUtt+1ktLpo=
-12,-22,PsJER7BMtNLWhNtUs0s7Sh6HL7Y=,i+9SscI40bkr+9hPxLKdnEkleWs=
-13,-17,PsJER7BMtNLWhNtUs0s7Sh6HL7Y=,i+9SscI40bkr+9hPxLKdnEkleWs=
-1,-21,PsJER7BMtNLWhNtUs0s7Sh6HL7Y=,zslnMTyA2f+U5Dv7QUtt+1ktLpo=
-14,-17,PsJER7BMtNLWhNtUs0s7Sh6HL7Y=,i+9SscI40bkr+9hPxLKdnEkleWs=
-15,-17,PsJER7BMtNLWhNtUs0s7Sh6HL7Y=,i+9SscI40bkr+9hPxLKdnEkleWs=
-1,-20,PsJER7BMtNLWhNtUs0s7Sh6HL7Y=,zslnMTyA2f+U5Dv7QUtt+1ktLpo=
-9,-23,PsJER7BMtNLWhNtUs0s7Sh6HL7Y=,i+9SscI40bkr+9hPxLKdnEkleWs=
-1,-19,PsJER7BMtNLWhNtUs0s7Sh6HL7Y=,zslnMTyA2f+U5Dv7QUtt+1ktLpo=
-15,-22,PsJER7BMtNLWhNtUs0s7Sh6HL7Y=,i+9SscI40bkr+9hPxLKdnEkleWs=
-1,-18,PsJER7BMtNLWhNtUs0s7Sh6HL7Y=,zslnMTyA2f+U5Dv7QUtt+1ktLpo=
-2,-20,PsJER7BMtNLWhNtUs0s7Sh6HL7Y=,zslnMTyA2f+U5Dv7QUtt+1ktLpo=
-1,-17,PsJER7BMtNLWhNtUs0s7Sh6HL7Y=,zslnMTyA2f+U5Dv7QUtt+1ktLpo=
-11,-23,PsJER7BMtNLWhNtUs0s7Sh6HL7Y=,i+9SscI40bkr+9hPxLKdnEkleWs=
-11,-21,PsJER7BMtNLWhNtUs0s7Sh6HL7Y=,i+9SscI40bkr+9hPxLKdnEkleWs=
-2,-22,PsJER7BMtNLWhNtUs0s7Sh6HL7Y=,zslnMTyA2f+U5Dv7QUtt+1ktLpo=
-13,-23,PsJER7BMtNLWhNtUs0s7Sh6HL7Y=,i+9SscI40bkr+9hPxLKdnEkleWs=
-4,-21,PsJER7BMtNLWhNtUs0s7Sh6HL7Y=,zslnMTyA2f+U5Dv7QUtt+1ktLpo=
-14,-23,PsJER7BMtNLWhNtUs0s7Sh6HL7Y=,i+9SscI40bkr+9hPxLKdnEkleWs=
-10,-23,PsJER7BMtNLWhNtUs0s7Sh6HL7Y=,i+9SscI40bkr+9hPxLKdnEkleWs=
-6,-21,PsJER7BMtNLWhNtUs0s7Sh6HL7Y=,zslnMTyA2f+U5Dv7QUtt+1ktLpo=
-15,-23,PsJER7BMtNLWhNtUs0s7Sh6HL7Y=,i+9SscI40bkr+9hPxLKdnEkleWs=
-9,-18,PsJER7BMtNLWhNtUs0s7Sh6HL7Y=,i+9SscI40bkr+9hPxLKdnEkleWs=
-10,-24,PsJER7BMtNLWhNtUs0s7Sh6HL7Y=,i+9SscI40bkr+9hPxLKdnEkleWs=
-12,-23,PsJER7BMtNLWhNtUs0s7Sh6HL7Y=,i+9SscI40bkr+9hPxLKdnEkleWs=
-12,-24,PsJER7BMtNLWhNtUs0s7Sh6HL7Y=,i+9SscI40bkr+9hPxLKdnEkleWs=
-10,-21,PsJER7BMtNLWhNtUs0s7Sh6HL7Y=,i+9SscI40bkr+9hPxLKdnEkleWs=
-13,-24,PsJER7BMtNLWhNtUs0s7Sh6HL7Y=,i+9SscI40bkr+9hPxLKdnEkleWs=
-14,-24,PsJER7BMtNLWhNtUs0s7Sh6HL7Y=,i+9SscI40bkr+9hPxLKdnEkleWs=
-10,-18,PsJER7BMtNLWhNtUs0s7Sh6HL7Y=,i+9SscI40bkr+9hPxLKdnEkleWs=
-4,-23,PsJER7BMtNLWhNtUs0s7Sh6HL7Y=,zslnMTyA2f+U5Dv7QUtt+1ktLpo=
-11,-18,PsJER7BMtNLWhNtUs0s7Sh6HL7Y=,i+9SscI40bkr+9hPxLKdnEkleWs=
-10,-25,PsJER7BMtNLWhNtUs0s7Sh6HL7Y=,rSB4ktDfeThznzjfPDPafeTIoGE=
-11,-25,PsJER7BMtNLWhNtUs0s7Sh6HL7Y=,rSB4ktDfeThznzjfPDPafeTIoGE=
-12,-18,PsJER7BMtNLWhNtUs0s7Sh6HL7Y=,i+9SscI40bkr+9hPxLKdnEkleWs=
-11,-24,PsJER7BMtNLWhNtUs0s7Sh6HL7Y=,i+9SscI40bkr+9hPxLKdnEkleWs=
-12,-25,PsJER7BMtNLWhNtUs0s7Sh6HL7Y=,rSB4ktDfeThznzjfPDPafeTIoGE=
-13,-25,PsJER7BMtNLWhNtUs0s7Sh6HL7Y=,rSB4ktDfeThznzjfPDPafeTIoGE=
-14,-18,PsJER7BMtNLWhNtUs0s7Sh6HL7Y=,i+9SscI40bkr+9hPxLKdnEkleWs=
-15,-18,PsJER7BMtNLWhNtUs0s7Sh6HL7Y=,i+9SscI40bkr+9hPxLKdnEkleWs=
-15,-24,PsJER7BMtNLWhNtUs0s7Sh6HL7Y=,i+9SscI40bkr+9hPxLKdnEkleWs=
-8,-18,PsJER7BMtNLWhNtUs0s7Sh6HL7Y=,zslnMTyA2f+U5Dv7QUtt+1ktLpo=
-15,-25,PsJER7BMtNLWhNtUs0s7Sh6HL7Y=,rSB4ktDfeThznzjfPDPafeTIoGE=
-13,-18,PsJER7BMtNLWhNtUs0s7Sh6HL7Y=,i+9SscI40bkr+9hPxLKdnEkleWs=
-9,-19,PsJER7BMtNLWhNtUs0s7Sh6HL7Y=,i+9SscI40bkr+9hPxLKdnEkleWs=
-11,-19,PsJER7BMtNLWhNtUs0s7Sh6HL7Y=,i+9SscI40bkr+9hPxLKdnEkleWs=
-8,-22,PsJER7BMtNLWhNtUs0s7Sh6HL7Y=,zslnMTyA2f+U5Dv7QUtt+1ktLpo=
-13,-19,PsJER7BMtNLWhNtUs0s7Sh6HL7Y=,i+9SscI40bkr+9hPxLKdnEkleWs=
-14,-25,PsJER7BMtNLWhNtUs0s7Sh6HL7Y=,rSB4ktDfeThznzjfPDPafeTIoGE=
-3,-21,PsJER7BMtNLWhNtUs0s7Sh6HL7Y=,zslnMTyA2f+U5Dv7QUtt+1ktLpo=
-14,-19,PsJER7BMtNLWhNtUs0s7Sh6HL7Y=,i+9SscI40bkr+9hPxLKdnEkleWs=
-15,-19,PsJER7BMtNLWhNtUs0s7Sh6HL7Y=,i+9SscI40bkr+9hPxLKdnEkleWs=
-8,-21,PsJER7BMtNLWhNtUs0s7Sh6HL7Y=,zslnMTyA2f+U5Dv7QUtt+1ktLpo=
-12,-19,PsJER7BMtNLWhNtUs0s7Sh6HL7Y=,i+9SscI40bkr+9hPxLKdnEkleWs=
-10,-20,PsJER7BMtNLWhNtUs0s7Sh6HL7Y=,i+9SscI40bkr+9hPxLKdnEkleWs=
-11,-20,PsJER7BMtNLWhNtUs0s7Sh6HL7Y=,i+9SscI40bkr+9hPxLKdnEkleWs=
-12,-20,PsJER7BMtNLWhNtUs0s7Sh6HL7Y=,i+9SscI40bkr+9hPxLKdnEkleWs=
-9,-21,PsJER7BMtNLWhNtUs0s7Sh6HL7Y=,i+9SscI40bkr+9hPxLKdnEkleWs=
-13,-20,PsJER7BMtNLWhNtUs0s7Sh6HL7Y=,i+9SscI40bkr+9hPxLKdnEkleWs=
-8,-19,PsJER7BMtNLWhNtUs0s7Sh6HL7Y=,zslnMTyA2f+U5Dv7QUtt+1ktLpo=
-15,-20,PsJER7BMtNLWhNtUs0s7Sh6HL7Y=,i+9SscI40bkr+9hPxLKdnEkleWs=
-1,-23,PsJER7BMtNLWhNtUs0s7Sh6HL7Y=,zslnMTyA2f+U5Dv7QUtt+1ktLpo=
-10,-19,PsJER7BMtNLWhNtUs0s7Sh6HL7Y=,i+9SscI40bkr+9hPxLKdnEkleWs=
-16,-17,PsJER7BMtNLWhNtUs0s7Sh6HL7Y=,i+9SscI40bkr+9hPxLKdnEkleWs=
-9,-20,PsJER7BMtNLWhNtUs0s7Sh6HL7Y=,i+9SscI40bkr+9hPxLKdnEkleWs=
-5,-25,PsJER7BMtNLWhNtUs0s7Sh6HL7Y=,Z20WZU0hxsSjD1yCigZu7RsTdsk=
-6,-25,PsJER7BMtNLWhNtUs0s7Sh6HL7Y=,Z20WZU0hxsSjD1yCigZu7RsTdsk=
-14,-20,PsJER7BMtNLWhNtUs0s7Sh6HL7Y=,i+9SscI40bkr+9hPxLKdnEkleWs=
-8,-25,PsJER7BMtNLWhNtUs0s7Sh6HL7Y=,Z20WZU0hxsSjD1yCigZu7RsTdsk=
-1,-26,PsJER7BMtNLWhNtUs0s7Sh6HL7Y=,Z20WZU0hxsSjD1yCigZu7RsTdsk=
-9,-28,PsJER7BMtNLWhNtUs0s7Sh6HL7Y=,rSB4ktDfeThznzjfPDPafeTIoGE=
-8,-20,PsJER7BMtNLWhNtUs0s7Sh6HL7Y=,zslnMTyA2f+U5Dv7QUtt+1ktLpo=
-4,-25,PsJER7BMtNLWhNtUs0s7Sh6HL7Y=,Z20WZU0hxsSjD1yCigZu7RsTdsk=
-3,-26,PsJER7BMtNLWhNtUs0s7Sh6HL7Y=,Z20WZU0hxsSjD1yCigZu7RsTdsk=
-7,-25,PsJER7BMtNLWhNtUs0s7Sh6HL7Y=,Z20WZU0hxsSjD1yCigZu7RsTdsk=
-5,-26,PsJER7BMtNLWhNtUs0s7Sh6HL7Y=,Z20WZU0hxsSjD1yCigZu7RsTdsk=
-4,-26,PsJER7BMtNLWhNtUs0s7Sh6HL7Y=,Z20WZU0hxsSjD1yCigZu7RsTdsk=
-7,-26,PsJER7BMtNLWhNtUs0s7Sh6HL7Y=,Z20WZU0hxsSjD1yCigZu7RsTdsk=
-9,-29,PsJER7BMtNLWhNtUs0s7Sh6HL7Y=,rSB4ktDfeThznzjfPDPafeTIoGE=
-1,-24,PsJER7BMtNLWhNtUs0s7Sh6HL7Y=,zslnMTyA2f+U5Dv7QUtt+1ktLpo=
-8,-26,PsJER7BMtNLWhNtUs0s7Sh6HL7Y=,Z20WZU0hxsSjD1yCigZu7RsTdsk=
-1,-27,PsJER7BMtNLWhNtUs0s7Sh6HL7Y=,Z20WZU0hxsSjD1yCigZu7RsTdsk=
-2,-26,PsJER7BMtNLWhNtUs0s7Sh6HL7Y=,Z20WZU0hxsSjD1yCigZu7RsTdsk=
-8,-24,PsJER7BMtNLWhNtUs0s7Sh6HL7Y=,zslnMTyA2f+U5Dv7QUtt+1ktLpo=
-6,-26,PsJER7BMtNLWhNtUs0s7Sh6HL7Y=,Z20WZU0hxsSjD1yCigZu7RsTdsk=
-2,-27,PsJER7BMtNLWhNtUs0s7Sh6HL7Y=,Z20WZU0hxsSjD1yCigZu7RsTdsk=
-3,-25,PsJER7BMtNLWhNtUs0s7Sh6HL7Y=,Z20WZU0hxsSjD1yCigZu7RsTdsk=
-9,-30,PsJER7BMtNLWhNtUs0s7Sh6HL7Y=,rSB4ktDfeThznzjfPDPafeTIoGE=
-2,-24,PsJER7BMtNLWhNtUs0s7Sh6HL7Y=,zslnMTyA2f+U5Dv7QUtt+1ktLpo=
-7,-27,PsJER7BMtNLWhNtUs0s7Sh6HL7Y=,Z20WZU0hxsSjD1yCigZu7RsTdsk=
-8,-27,PsJER7BMtNLWhNtUs0s7Sh6HL7Y=,Z20WZU0hxsSjD1yCigZu7RsTdsk=
-1,-28,PsJER7BMtNLWhNtUs0s7Sh6HL7Y=,Z20WZU0hxsSjD1yCigZu7RsTdsk=
-2,-28,PsJER7BMtNLWhNtUs0s7Sh6HL7Y=,Z20WZU0hxsSjD1yCigZu7RsTdsk=
-3,-27,PsJER7BMtNLWhNtUs0s7Sh6HL7Y=,Z20WZU0hxsSjD1yCigZu7RsTdsk=
-3,-28,PsJER7BMtNLWhNtUs0s7Sh6HL7Y=,Z20WZU0hxsSjD1yCigZu7RsTdsk=
-5,-27,PsJER7BMtNLWhNtUs0s7Sh6HL7Y=,Z20WZU0hxsSjD1yCigZu7RsTdsk=
-4,-27,PsJER7BMtNLWhNtUs0s7Sh6HL7Y=,Z20WZU0hxsSjD1yCigZu7RsTdsk=
-2,-25,PsJER7BMtNLWhNtUs0s7Sh6HL7Y=,Z20WZU0hxsSjD1yCigZu7RsTdsk=
-4,-28,PsJER7BMtNLWhNtUs0s7Sh6HL7Y=,Z20WZU0hxsSjD1yCigZu7RsTdsk=
-6,-27,PsJER7BMtNLWhNtUs0s7Sh6HL7Y=,Z20WZU0hxsSjD1yCigZu7RsTdsk=
-3,-24,PsJER7BMtNLWhNtUs0s7Sh6HL7Y=,zslnMTyA2f+U5Dv7QUtt+1ktLpo=
-6,-28,PsJER7BMtNLWhNtUs0s7Sh6HL7Y=,Z20WZU0hxsSjD1yCigZu7RsTdsk=
-8,-28,PsJER7BMtNLWhNtUs0s7Sh6HL7Y=,Z20WZU0hxsSjD1yCigZu7RsTdsk=
-1,-29,PsJER7BMtNLWhNtUs0s7Sh6HL7Y=,Z20WZU0hxsSjD1yCigZu7RsTdsk=
-5,-28,PsJER7BMtNLWhNtUs0s7Sh6HL7Y=,Z20WZU0hxsSjD1yCigZu7RsTdsk=
-2,-29,PsJER7BMtNLWhNtUs0s7Sh6HL7Y=,Z20WZU0hxsSjD1yCigZu7RsTdsk=
-3,-29,PsJER7BMtNLWhNtUs0s7Sh6HL7Y=,Z20WZU0hxsSjD1yCigZu7RsTdsk=
-9,-31,PsJER7BMtNLWhNtUs0s7Sh6HL7Y=,rSB4ktDfeThznzjfPDPafeTIoGE=
-4,-29,PsJER7BMtNLWhNtUs0s7Sh6HL7Y=,Z20WZU0hxsSjD1yCigZu7RsTdsk=
-9,-24,PsJER7BMtNLWhNtUs0s7Sh6HL7Y=,i+9SscI40bkr+9hPxLKdnEkleWs=
-1,-25,PsJER7BMtNLWhNtUs0s7Sh6HL7Y=,Z20WZU0hxsSjD1yCigZu7RsTdsk=
-7,-28,PsJER7BMtNLWhNtUs0s7Sh6HL7Y=,Z20WZU0hxsSjD1yCigZu7RsTdsk=
-9,-25,PsJER7BMtNLWhNtUs0s7Sh6HL7Y=,rSB4ktDfeThznzjfPDPafeTIoGE=
-5,-24,PsJER7BMtNLWhNtUs0s7Sh6HL7Y=,zslnMTyA2f+U5Dv7QUtt+1ktLpo=
-9,-27,PsJER7BMtNLWhNtUs0s7Sh6HL7Y=,rSB4ktDfeThznzjfPDPafeTIoGE=
-2,-30,PsJER7BMtNLWhNtUs0s7Sh6HL7Y=,Z20WZU0hxsSjD1yCigZu7RsTdsk=
-3,-30,PsJER7BMtNLWhNtUs0s7Sh6HL7Y=,Z20WZU0hxsSjD1yCigZu7RsTdsk=
-5,-29,PsJER7BMtNLWhNtUs0s7Sh6HL7Y=,Z20WZU0hxsSjD1yCigZu7RsTdsk=
-4,-30,PsJER7BMtNLWhNtUs0s7Sh6HL7Y=,Z20WZU0hxsSjD1yCigZu7RsTdsk=
-9,-32,PsJER7BMtNLWhNtUs0s7Sh6HL7Y=,rSB4ktDfeThznzjfPDPafeTIoGE=
-6,-29,PsJER7BMtNLWhNtUs0s7Sh6HL7Y=,Z20WZU0hxsSjD1yCigZu7RsTdsk=
-8,-29,PsJER7BMtNLWhNtUs0s7Sh6HL7Y=,Z20WZU0hxsSjD1yCigZu7RsTdsk=
-7,-24,PsJER7BMtNLWhNtUs0s7Sh6HL7Y=,zslnMTyA2f+U5Dv7QUtt+1ktLpo=
-1,-30,PsJER7BMtNLWhNtUs0s7Sh6HL7Y=,Z20WZU0hxsSjD1yCigZu7RsTdsk=
-9,-26,PsJER7BMtNLWhNtUs0s7Sh6HL7Y=,rSB4ktDfeThznzjfPDPafeTIoGE=
-8,-32,PsJER7BMtNLWhNtUs0s7Sh6HL7Y=,Z20WZU0hxsSjD1yCigZu7RsTdsk=
-7,-30,PsJER7BMtNLWhNtUs0s7Sh6HL7Y=,Z20WZU0hxsSjD1yCigZu7RsTdsk=
-7,-32,PsJER7BMtNLWhNtUs0s7Sh6HL7Y=,Z20WZU0hxsSjD1yCigZu7RsTdsk=
-3,-31,PsJER7BMtNLWhNtUs0s7Sh6HL7Y=,Z20WZU0hxsSjD1yCigZu7RsTdsk=
-6,-24,PsJER7BMtNLWhNtUs0s7Sh6HL7Y=,zslnMTyA2f+U5Dv7QUtt+1ktLpo=
-8,-30,PsJER7BMtNLWhNtUs0s7Sh6HL7Y=,Z20WZU0hxsSjD1yCigZu7RsTdsk=
-1,-31,PsJER7BMtNLWhNtUs0s7Sh6HL7Y=,Z20WZU0hxsSjD1yCigZu7RsTdsk=
-6,-32,PsJER7BMtNLWhNtUs0s7Sh6HL7Y=,Z20WZU0hxsSjD1yCigZu7RsTdsk=
-2,-31,PsJER7BMtNLWhNtUs0s7Sh6HL7Y=,Z20WZU0hxsSjD1yCigZu7RsTdsk=
-4,-31,PsJER7BMtNLWhNtUs0s7Sh6HL7Y=,Z20WZU0hxsSjD1yCigZu7RsTdsk=
-5,-31,PsJER7BMtNLWhNtUs0s7Sh6HL7Y=,Z20WZU0hxsSjD1yCigZu7RsTdsk=
-5,-30,PsJER7BMtNLWhNtUs0s7Sh6HL7Y=,Z20WZU0hxsSjD1yCigZu7RsTdsk=
-5,-32,PsJER7BMtNLWhNtUs0s7Sh6HL7Y=,Z20WZU0hxsSjD1yCigZu7RsTdsk=
-1,-32,PsJER7BMtNLWhNtUs0s7Sh6HL7Y=,Z20WZU0hxsSjD1yCigZu7RsTdsk=
-2,-32,PsJER7BMtNLWhNtUs0s7Sh6HL7Y=,Z20WZU0hxsSjD1yCigZu7RsTdsk=
-3,-32,PsJER7BMtNLWhNtUs0s7Sh6HL7Y=,Z20WZU0hxsSjD1yCigZu7RsTdsk=
-4,-32,PsJER7BMtNLWhNtUs0s7Sh6HL7Y=,Z20WZU0hxsSjD1yCigZu7RsTdsk=
-6,-31,PsJER7BMtNLWhNtUs0s7Sh6HL7Y=,Z20WZU0hxsSjD1yCigZu7RsTdsk=
-7,-29,PsJER7BMtNLWhNtUs0s7Sh6HL7Y=,Z20WZU0hxsSjD1yCigZu7RsTdsk=
-4,-24,PsJER7BMtNLWhNtUs0s7Sh6HL7Y=,zslnMTyA2f+U5Dv7QUtt+1ktLpo=
-7,-31,PsJER7BMtNLWhNtUs0s7Sh6HL7Y=,Z20WZU0hxsSjD1yCigZu7RsTdsk=
-6,-30,PsJER7BMtNLWhNtUs0s7Sh6HL7Y=,Z20WZU0hxsSjD1yCigZu7RsTdsk=
-8,-31,PsJER7BMtNLWhNtUs0s7Sh6HL7Y=,Z20WZU0hxsSjD1yCigZu7RsTdsk=
-18,-27,A6mifP7nLLZNBuPPVM4Bb/yUVTQ=,2kSOQEpt/VghFD5LQtQg5RDudfI=
-19,-27,A6mifP7nLLZNBuPPVM4Bb/yUVTQ=,2kSOQEpt/VghFD5LQtQg5RDudfI=
-21,-27,A6mifP7nLLZNBuPPVM4Bb/yUVTQ=,2kSOQEpt/VghFD5LQtQg5RDudfI=
-20,-27,A6mifP7nLLZNBuPPVM4Bb/yUVTQ=,2kSOQEpt/VghFD5LQtQg5RDudfI=
-22,-27,A6mifP7nLLZNBuPPVM4Bb/yUVTQ=,2kSOQEpt/VghFD5LQtQg5RDudfI=
-23,-27,A6mifP7nLLZNBuPPVM4Bb/yUVTQ=,2kSOQEpt/VghFD5LQtQg5RDudfI=
-18,-28,A6mifP7nLLZNBuPPVM4Bb/yUVTQ=,2kSOQEpt/VghFD5LQtQg5RDudfI=
-19,-28,A6mifP7nLLZNBuPPVM4Bb/yUVTQ=,2kSOQEpt/VghFD5LQtQg5RDudfI=
-20,-28,A6mifP7nLLZNBuPPVM4Bb/yUVTQ=,2kSOQEpt/VghFD5LQtQg5RDudfI=
-21,-28,A6mifP7nLLZNBuPPVM4Bb/yUVTQ=,2kSOQEpt/VghFD5LQtQg5RDudfI=
-22,-28,A6mifP7nLLZNBuPPVM4Bb/yUVTQ=,2kSOQEpt/VghFD5LQtQg5RDudfI=
-23,-28,A6mifP7nLLZNBuPPVM4Bb/yUVTQ=,2kSOQEpt/VghFD5LQtQg5RDudfI=
-18,-29,A6mifP7nLLZNBuPPVM4Bb/yUVTQ=,2kSOQEpt/VghFD5LQtQg5RDudfI=
-19,-29,A6mifP7nLLZNBuPPVM4Bb/yUVTQ=,2kSOQEpt/VghFD5LQtQg5RDudfI=
-20,-29,A6mifP7nLLZNBuPPVM4Bb/yUVTQ=,2kSOQEpt/VghFD5LQtQg5RDudfI=
-21,-29,A6mifP7nLLZNBuPPVM4Bb/yUVTQ=,2kSOQEpt/VghFD5LQtQg5RDudfI=
-22,-29,A6mifP7nLLZNBuPPVM4Bb/yUVTQ=,2kSOQEpt/VghFD5LQtQg5RDudfI=
-23,-29,A6mifP7nLLZNBuPPVM4Bb/yUVTQ=,2kSOQEpt/VghFD5LQtQg5RDudfI=
-18,-30,A6mifP7nLLZNBuPPVM4Bb/yUVTQ=,2kSOQEpt/VghFD5LQtQg5RDudfI=
-19,-30,A6mifP7nLLZNBuPPVM4Bb/yUVTQ=,2kSOQEpt/VghFD5LQtQg5RDudfI=
-20,-30,A6mifP7nLLZNBuPPVM4Bb/yUVTQ=,2kSOQEpt/VghFD5LQtQg5RDudfI=
-22,-30,A6mifP7nLLZNBuPPVM4Bb/yUVTQ=,2kSOQEpt/VghFD5LQtQg5RDudfI=
-21,-30,A6mifP7nLLZNBuPPVM4Bb/yUVTQ=,2kSOQEpt/VghFD5LQtQg5RDudfI=
-23,-30,A6mifP7nLLZNBuPPVM4Bb/yUVTQ=,2kSOQEpt/VghFD5LQtQg5RDudfI=
-19,-31,A6mifP7nLLZNBuPPVM4Bb/yUVTQ=,2kSOQEpt/VghFD5LQtQg5RDudfI=
-18,-31,A6mifP7nLLZNBuPPVM4Bb/yUVTQ=,2kSOQEpt/VghFD5LQtQg5RDudfI=
-26,-29,A6mifP7nLLZNBuPPVM4Bb/yUVTQ=,Vi+xjgkPIuabdqQDnYDErEPUNso=
-25,-29,A6mifP7nLLZNBuPPVM4Bb/yUVTQ=,Vi+xjgkPIuabdqQDnYDErEPUNso=
-32,-28,A6mifP7nLLZNBuPPVM4Bb/yUVTQ=,Vi+xjgkPIuabdqQDnYDErEPUNso=
-21,-31,A6mifP7nLLZNBuPPVM4Bb/yUVTQ=,2kSOQEpt/VghFD5LQtQg5RDudfI=
-20,-31,A6mifP7nLLZNBuPPVM4Bb/yUVTQ=,2kSOQEpt/VghFD5LQtQg5RDudfI=
-22,-31,A6mifP7nLLZNBuPPVM4Bb/yUVTQ=,2kSOQEpt/VghFD5LQtQg5RDudfI=
-18,-32,A6mifP7nLLZNBuPPVM4Bb/yUVTQ=,2kSOQEpt/VghFD5LQtQg5RDudfI=
-24,-26,A6mifP7nLLZNBuPPVM4Bb/yUVTQ=,2kSOQEpt/VghFD5LQtQg5RDudfI=
-27,-29,A6mifP7nLLZNBuPPVM4Bb/yUVTQ=,Vi+xjgkPIuabdqQDnYDErEPUNso=
-28,-29,A6mifP7nLLZNBuPPVM4Bb/yUVTQ=,Vi+xjgkPIuabdqQDnYDErEPUNso=
-29,-29,A6mifP7nLLZNBuPPVM4Bb/yUVTQ=,Vi+xjgkPIuabdqQDnYDErEPUNso=
-19,-32,A6mifP7nLLZNBuPPVM4Bb/yUVTQ=,2kSOQEpt/VghFD5LQtQg5RDudfI=
-20,-32,A6mifP7nLLZNBuPPVM4Bb/yUVTQ=,2kSOQEpt/VghFD5LQtQg5RDudfI=
-30,-29,A6mifP7nLLZNBuPPVM4Bb/yUVTQ=,Vi+xjgkPIuabdqQDnYDErEPUNso=
-31,-28,/sK3MJiRm7QlrxaWYbDix9dcscA=,Vi+xjgkPIuabdqQDnYDErEPUNso=
-21,-32,/sK3MJiRm7QlrxaWYbDix9dcscA=,2kSOQEpt/VghFD5LQtQg5RDudfI=
-30,-28,/sK3MJiRm7QlrxaWYbDix9dcscA=,Vi+xjgkPIuabdqQDnYDErEPUNso=
-31,-29,/sK3MJiRm7QlrxaWYbDix9dcscA=,Vi+xjgkPIuabdqQDnYDErEPUNso=
-23,-31,/sK3MJiRm7QlrxaWYbDix9dcscA=,2kSOQEpt/VghFD5LQtQg5RDudfI=
-29,-28,/sK3MJiRm7QlrxaWYbDix9dcscA=,Vi+xjgkPIuabdqQDnYDErEPUNso=
-22,-32,/sK3MJiRm7QlrxaWYbDix9dcscA=,2kSOQEpt/VghFD5LQtQg5RDudfI=
-23,-32,/sK3MJiRm7QlrxaWYbDix9dcscA=,2kSOQEpt/VghFD5LQtQg5RDudfI=
-28,-28,/sK3MJiRm7QlrxaWYbDix9dcscA=,Vi+xjgkPIuabdqQDnYDErEPUNso=
-18,-26,/sK3MJiRm7QlrxaWYbDix9dcscA=,2kSOQEpt/VghFD5LQtQg5RDudfI=
-27,-28,/sK3MJiRm7QlrxaWYbDix9dcscA=,Vi+xjgkPIuabdqQDnYDErEPUNso=
-32,-29,/sK3MJiRm7QlrxaWYbDix9dcscA=,Vi+xjgkPIuabdqQDnYDErEPUNso=
-26,-28,/sK3MJiRm7QlrxaWYbDix9dcscA=,Vi+xjgkPIuabdqQDnYDErEPUNso=
-19,-26,/sK3MJiRm7QlrxaWYbDix9dcscA=,2kSOQEpt/VghFD5LQtQg5RDudfI=
-25,-30,/sK3MJiRm7QlrxaWYbDix9dcscA=,Vi+xjgkPIuabdqQDnYDErEPUNso=
-26,-30,/sK3MJiRm7QlrxaWYbDix9dcscA=,Vi+xjgkPIuabdqQDnYDErEPUNso=
-27,-30,/sK3MJiRm7QlrxaWYbDix9dcscA=,Vi+xjgkPIuabdqQDnYDErEPUNso=
-28,-30,/sK3MJiRm7QlrxaWYbDix9dcscA=,Vi+xjgkPIuabdqQDnYDErEPUNso=
-20,-26,/sK3MJiRm7QlrxaWYbDix9dcscA=,2kSOQEpt/VghFD5LQtQg5RDudfI=
-29,-30,/sK3MJiRm7QlrxaWYbDix9dcscA=,Vi+xjgkPIuabdqQDnYDErEPUNso=
-25,-28,/sK3MJiRm7QlrxaWYbDix9dcscA=,Vi+xjgkPIuabdqQDnYDErEPUNso=
-24,-32,/sK3MJiRm7QlrxaWYbDix9dcscA=,2kSOQEpt/VghFD5LQtQg5RDudfI=
-32,-27,/sK3MJiRm7QlrxaWYbDix9dcscA=,Vi+xjgkPIuabdqQDnYDErEPUNso=
-22,-26,/sK3MJiRm7QlrxaWYbDix9dcscA=,2kSOQEpt/VghFD5LQtQg5RDudfI=
-23,-26,/sK3MJiRm7QlrxaWYbDix9dcscA=,2kSOQEpt/VghFD5LQtQg5RDudfI=
-31,-27,/sK3MJiRm7QlrxaWYbDix9dcscA=,Vi+xjgkPIuabdqQDnYDErEPUNso=
-21,-26,/sK3MJiRm7QlrxaWYbDix9dcscA=,2kSOQEpt/VghFD5LQtQg5RDudfI=
-30,-30,/sK3MJiRm7QlrxaWYbDix9dcscA=,Vi+xjgkPIuabdqQDnYDErEPUNso=
-31,-30,/sK3MJiRm7QlrxaWYbDix9dcscA=,Vi+xjgkPIuabdqQDnYDErEPUNso=
-30,-27,/sK3MJiRm7QlrxaWYbDix9dcscA=,Vi+xjgkPIuabdqQDnYDErEPUNso=
-29,-27,/sK3MJiRm7QlrxaWYbDix9dcscA=,Vi+xjgkPIuabdqQDnYDErEPUNso=
-28,-27,/sK3MJiRm7QlrxaWYbDix9dcscA=,Vi+xjgkPIuabdqQDnYDErEPUNso=
-32,-30,/sK3MJiRm7QlrxaWYbDix9dcscA=,Vi+xjgkPIuabdqQDnYDErEPUNso=
-24,-31,/sK3MJiRm7QlrxaWYbDix9dcscA=,2kSOQEpt/VghFD5LQtQg5RDudfI=
-27,-27,/sK3MJiRm7QlrxaWYbDix9dcscA=,Vi+xjgkPIuabdqQDnYDErEPUNso=
-25,-31,/sK3MJiRm7QlrxaWYbDix9dcscA=,Vi+xjgkPIuabdqQDnYDErEPUNso=
-24,-27,/sK3MJiRm7QlrxaWYbDix9dcscA=,2kSOQEpt/VghFD5LQtQg5RDudfI=
-27,-31,/sK3MJiRm7QlrxaWYbDix9dcscA=,Vi+xjgkPIuabdqQDnYDErEPUNso=
-24,-30,/sK3MJiRm7QlrxaWYbDix9dcscA=,2kSOQEpt/VghFD5LQtQg5RDudfI=
-28,-31,/sK3MJiRm7QlrxaWYbDix9dcscA=,Vi+xjgkPIuabdqQDnYDErEPUNso=
-29,-31,/sK3MJiRm7QlrxaWYbDix9dcscA=,Vi+xjgkPIuabdqQDnYDErEPUNso=
-32,-31,/sK3MJiRm7QlrxaWYbDix9dcscA=,Vi+xjgkPIuabdqQDnYDErEPUNso=
-31,-31,/sK3MJiRm7QlrxaWYbDix9dcscA=,Vi+xjgkPIuabdqQDnYDErEPUNso=
-25,-32,/sK3MJiRm7QlrxaWYbDix9dcscA=,Vi+xjgkPIuabdqQDnYDErEPUNso=
-26,-31,/sK3MJiRm7QlrxaWYbDix9dcscA=,Vi+xjgkPIuabdqQDnYDErEPUNso=
-26,-32,/sK3MJiRm7QlrxaWYbDix9dcscA=,Vi+xjgkPIuabdqQDnYDErEPUNso=
-27,-32,/sK3MJiRm7QlrxaWYbDix9dcscA=,Vi+xjgkPIuabdqQDnYDErEPUNso=
-28,-32,/sK3MJiRm7QlrxaWYbDix9dcscA=,Vi+xjgkPIuabdqQDnYDErEPUNso=
-29,-32,/sK3MJiRm7QlrxaWYbDix9dcscA=,Vi+xjgkPIuabdqQDnYDErEPUNso=
-26,-27,/sK3MJiRm7QlrxaWYbDix9dcscA=,Vi+xjgkPIuabdqQDnYDErEPUNso=
-30,-32,/sK3MJiRm7QlrxaWYbDix9dcscA=,Vi+xjgkPIuabdqQDnYDErEPUNso=
-30,-31,/sK3MJiRm7QlrxaWYbDix9dcscA=,Vi+xjgkPIuabdqQDnYDErEPUNso=
-31,-32,/sK3MJiRm7QlrxaWYbDix9dcscA=,Vi+xjgkPIuabdqQDnYDErEPUNso=
-32,-32,/sK3MJiRm7QlrxaWYbDix9dcscA=,Vi+xjgkPIuabdqQDnYDErEPUNso=
-25,-27,/sK3MJiRm7QlrxaWYbDix9dcscA=,Vi+xjgkPIuabdqQDnYDErEPUNso=
-26,-26,/sK3MJiRm7QlrxaWYbDix9dcscA=,Vi+xjgkPIuabdqQDnYDErEPUNso=
-25,-26,/sK3MJiRm7QlrxaWYbDix9dcscA=,Vi+xjgkPIuabdqQDnYDErEPUNso=
-32,-26,/sK3MJiRm7QlrxaWYbDix9dcscA=,Vi+xjgkPIuabdqQDnYDErEPUNso=
-24,-28,/sK3MJiRm7QlrxaWYbDix9dcscA=,2kSOQEpt/VghFD5LQtQg5RDudfI=
-27,-26,/sK3MJiRm7QlrxaWYbDix9dcscA=,Vi+xjgkPIuabdqQDnYDErEPUNso=
-24,-29,/sK3MJiRm7QlrxaWYbDix9dcscA=,2kSOQEpt/VghFD5LQtQg5RDudfI=
-28,-26,/sK3MJiRm7QlrxaWYbDix9dcscA=,Vi+xjgkPIuabdqQDnYDErEPUNso=
-31,-26,/sK3MJiRm7QlrxaWYbDix9dcscA=,Vi+xjgkPIuabdqQDnYDErEPUNso=
-18,-19,/sK3MJiRm7QlrxaWYbDix9dcscA=,iv7MtYP7EdKkXWHSME28h6iB+MI=
-17,-19,/sK3MJiRm7QlrxaWYbDix9dcscA=,iv7MtYP7EdKkXWHSME28h6iB+MI=
-17,-27,/sK3MJiRm7QlrxaWYbDix9dcscA=,2kSOQEpt/VghFD5LQtQg5RDudfI=
-23,-18,/sK3MJiRm7QlrxaWYbDix9dcscA=,iv7MtYP7EdKkXWHSME28h6iB+MI=
-30,-26,/sK3MJiRm7QlrxaWYbDix9dcscA=,Vi+xjgkPIuabdqQDnYDErEPUNso=
-17,-17,/sK3MJiRm7QlrxaWYbDix9dcscA=,iv7MtYP7EdKkXWHSME28h6iB+MI=
-22,-18,/sK3MJiRm7QlrxaWYbDix9dcscA=,iv7MtYP7EdKkXWHSME28h6iB+MI=
-29,-26,/sK3MJiRm7QlrxaWYbDix9dcscA=,Vi+xjgkPIuabdqQDnYDErEPUNso=
-17,-26,/sK3MJiRm7QlrxaWYbDix9dcscA=,2kSOQEpt/VghFD5LQtQg5RDudfI=
-23,-19,/sK3MJiRm7QlrxaWYbDix9dcscA=,iv7MtYP7EdKkXWHSME28h6iB+MI=
-17,-32,/sK3MJiRm7QlrxaWYbDix9dcscA=,2kSOQEpt/VghFD5LQtQg5RDudfI=
-17,-29,/sK3MJiRm7QlrxaWYbDix9dcscA=,2kSOQEpt/VghFD5LQtQg5RDudfI=
-17,-28,/sK3MJiRm7QlrxaWYbDix9dcscA=,2kSOQEpt/VghFD5LQtQg5RDudfI=
-19,-19,/sK3MJiRm7QlrxaWYbDix9dcscA=,iv7MtYP7EdKkXWHSME28h6iB+MI=
-21,-18,/sK3MJiRm7QlrxaWYbDix9dcscA=,iv7MtYP7EdKkXWHSME28h6iB+MI=
-17,-31,/sK3MJiRm7QlrxaWYbDix9dcscA=,2kSOQEpt/VghFD5LQtQg5RDudfI=
-17,-30,/sK3MJiRm7QlrxaWYbDix9dcscA=,2kSOQEpt/VghFD5LQtQg5RDudfI=
-20,-18,/sK3MJiRm7QlrxaWYbDix9dcscA=,iv7MtYP7EdKkXWHSME28h6iB+MI=
-17,-20,/sK3MJiRm7QlrxaWYbDix9dcscA=,iv7MtYP7EdKkXWHSME28h6iB+MI=
-17,-21,/sK3MJiRm7QlrxaWYbDix9dcscA=,iv7MtYP7EdKkXWHSME28h6iB+MI=
-23,-24,/sK3MJiRm7QlrxaWYbDix9dcscA=,iv7MtYP7EdKkXWHSME28h6iB+MI=
-18,-20,/sK3MJiRm7QlrxaWYbDix9dcscA=,iv7MtYP7EdKkXWHSME28h6iB+MI=
-18,-21,/sK3MJiRm7QlrxaWYbDix9dcscA=,iv7MtYP7EdKkXWHSME28h6iB+MI=
-19,-20,/sK3MJiRm7QlrxaWYbDix9dcscA=,iv7MtYP7EdKkXWHSME28h6iB+MI=
-20,-21,/sK3MJiRm7QlrxaWYbDix9dcscA=,iv7MtYP7EdKkXWHSME28h6iB+MI=
-21,-21,/sK3MJiRm7QlrxaWYbDix9dcscA=,iv7MtYP7EdKkXWHSME28h6iB+MI=
-20,-20,/sK3MJiRm7QlrxaWYbDix9dcscA=,iv7MtYP7EdKkXWHSME28h6iB+MI=
-19,-21,/sK3MJiRm7QlrxaWYbDix9dcscA=,iv7MtYP7EdKkXWHSME28h6iB+MI=
-22,-21,/sK3MJiRm7QlrxaWYbDix9dcscA=,iv7MtYP7EdKkXWHSME28h6iB+MI=
-19,-18,/sK3MJiRm7QlrxaWYbDix9dcscA=,iv7MtYP7EdKkXWHSME28h6iB+MI=
-17,-25,/sK3MJiRm7QlrxaWYbDix9dcscA=,2kSOQEpt/VghFD5LQtQg5RDudfI=
-21,-20,/sK3MJiRm7QlrxaWYbDix9dcscA=,iv7MtYP7EdKkXWHSME28h6iB+MI=
-22,-23,/sK3MJiRm7QlrxaWYbDix9dcscA=,iv7MtYP7EdKkXWHSME28h6iB+MI=
-23,-21,/sK3MJiRm7QlrxaWYbDix9dcscA=,iv7MtYP7EdKkXWHSME28h6iB+MI=
-23,-23,/sK3MJiRm7QlrxaWYbDix9dcscA=,iv7MtYP7EdKkXWHSME28h6iB+MI=
-17,-24,/sK3MJiRm7QlrxaWYbDix9dcscA=,iv7MtYP7EdKkXWHSME28h6iB+MI=
-19,-24,/sK3MJiRm7QlrxaWYbDix9dcscA=,iv7MtYP7EdKkXWHSME28h6iB+MI=
-22,-20,/sK3MJiRm7QlrxaWYbDix9dcscA=,iv7MtYP7EdKkXWHSME28h6iB+MI=
-20,-24,/sK3MJiRm7QlrxaWYbDix9dcscA=,iv7MtYP7EdKkXWHSME28h6iB+MI=
-17,-23,/sK3MJiRm7QlrxaWYbDix9dcscA=,iv7MtYP7EdKkXWHSME28h6iB+MI=
-18,-24,/sK3MJiRm7QlrxaWYbDix9dcscA=,iv7MtYP7EdKkXWHSME28h6iB+MI=
-18,-23,/sK3MJiRm7QlrxaWYbDix9dcscA=,iv7MtYP7EdKkXWHSME28h6iB+MI=
-22,-24,/sK3MJiRm7QlrxaWYbDix9dcscA=,iv7MtYP7EdKkXWHSME28h6iB+MI=
-21,-24,/sK3MJiRm7QlrxaWYbDix9dcscA=,iv7MtYP7EdKkXWHSME28h6iB+MI=
-20,-19,/sK3MJiRm7QlrxaWYbDix9dcscA=,iv7MtYP7EdKkXWHSME28h6iB+MI=
-21,-19,/sK3MJiRm7QlrxaWYbDix9dcscA=,iv7MtYP7EdKkXWHSME28h6iB+MI=
-17,-22,/sK3MJiRm7QlrxaWYbDix9dcscA=,iv7MtYP7EdKkXWHSME28h6iB+MI=
-18,-22,/sK3MJiRm7QlrxaWYbDix9dcscA=,iv7MtYP7EdKkXWHSME28h6iB+MI=
-19,-23,/sK3MJiRm7QlrxaWYbDix9dcscA=,iv7MtYP7EdKkXWHSME28h6iB+MI=
-20,-23,/sK3MJiRm7QlrxaWYbDix9dcscA=,iv7MtYP7EdKkXWHSME28h6iB+MI=
-19,-22,/sK3MJiRm7QlrxaWYbDix9dcscA=,iv7MtYP7EdKkXWHSME28h6iB+MI=
-20,-22,/sK3MJiRm7QlrxaWYbDix9dcscA=,iv7MtYP7EdKkXWHSME28h6iB+MI=
-22,-22,/sK3MJiRm7QlrxaWYbDix9dcscA=,iv7MtYP7EdKkXWHSME28h6iB+MI=
-23,-22,/sK3MJiRm7QlrxaWYbDix9dcscA=,iv7MtYP7EdKkXWHSME28h6iB+MI=
-18,-18,/sK3MJiRm7QlrxaWYbDix9dcscA=,iv7MtYP7EdKkXWHSME28h6iB+MI=
-21,-22,/sK3MJiRm7QlrxaWYbDix9dcscA=,iv7MtYP7EdKkXWHSME28h6iB+MI=
-21,-23,/sK3MJiRm7QlrxaWYbDix9dcscA=,iv7MtYP7EdKkXWHSME28h6iB+MI=
-18,-25,/sK3MJiRm7QlrxaWYbDix9dcscA=,2kSOQEpt/VghFD5LQtQg5RDudfI=
-19,-25,/sK3MJiRm7QlrxaWYbDix9dcscA=,2kSOQEpt/VghFD5LQtQg5RDudfI=
-20,-25,/sK3MJiRm7QlrxaWYbDix9dcscA=,2kSOQEpt/VghFD5LQtQg5RDudfI=
-17,-18,/sK3MJiRm7QlrxaWYbDix9dcscA=,iv7MtYP7EdKkXWHSME28h6iB+MI=
-18,-17,/sK3MJiRm7QlrxaWYbDix9dcscA=,iv7MtYP7EdKkXWHSME28h6iB+MI=
-19,-17,/sK3MJiRm7QlrxaWYbDix9dcscA=,iv7MtYP7EdKkXWHSME28h6iB+MI=
-21,-25,/sK3MJiRm7QlrxaWYbDix9dcscA=,2kSOQEpt/VghFD5LQtQg5RDudfI=
-22,-25,/sK3MJiRm7QlrxaWYbDix9dcscA=,2kSOQEpt/VghFD5LQtQg5RDudfI=
-23,-25,/sK3MJiRm7QlrxaWYbDix9dcscA=,2kSOQEpt/VghFD5LQtQg5RDudfI=
-21,-17,/sK3MJiRm7QlrxaWYbDix9dcscA=,iv7MtYP7EdKkXWHSME28h6iB+MI=
-22,-19,/sK3MJiRm7QlrxaWYbDix9dcscA=,iv7MtYP7EdKkXWHSME28h6iB+MI=
-23,-20,/sK3MJiRm7QlrxaWYbDix9dcscA=,iv7MtYP7EdKkXWHSME28h6iB+MI=
-22,-17,/sK3MJiRm7QlrxaWYbDix9dcscA=,iv7MtYP7EdKkXWHSME28h6iB+MI=
-23,-17,/sK3MJiRm7QlrxaWYbDix9dcscA=,iv7MtYP7EdKkXWHSME28h6iB+MI=
-20,-17,/sK3MJiRm7QlrxaWYbDix9dcscA=,iv7MtYP7EdKkXWHSME28h6iB+MI=
-24,-20,/sK3MJiRm7QlrxaWYbDix9dcscA=,iv7MtYP7EdKkXWHSME28h6iB+MI=
-26,-22,/sK3MJiRm7QlrxaWYbDix9dcscA=,lBzhX18jWX55Zgz/v4G2lgwakJs=
-25,-22,/sK3MJiRm7QlrxaWYbDix9dcscA=,lBzhX18jWX55Zgz/v4G2lgwakJs=
-32,-21,/sK3MJiRm7QlrxaWYbDix9dcscA=,lBzhX18jWX55Zgz/v4G2lgwakJs=
-31,-21,/sK3MJiRm7QlrxaWYbDix9dcscA=,lBzhX18jWX55Zgz/v4G2lgwakJs=
-24,-18,/sK3MJiRm7QlrxaWYbDix9dcscA=,iv7MtYP7EdKkXWHSME28h6iB+MI=
-24,-19,/sK3MJiRm7QlrxaWYbDix9dcscA=,iv7MtYP7EdKkXWHSME28h6iB+MI=
-30,-21,/sK3MJiRm7QlrxaWYbDix9dcscA=,lBzhX18jWX55Zgz/v4G2lgwakJs=
-29,-21,/sK3MJiRm7QlrxaWYbDix9dcscA=,lBzhX18jWX55Zgz/v4G2lgwakJs=
-28,-21,/sK3MJiRm7QlrxaWYbDix9dcscA=,lBzhX18jWX55Zgz/v4G2lgwakJs=
-27,-21,/sK3MJiRm7QlrxaWYbDix9dcscA=,lBzhX18jWX55Zgz/v4G2lgwakJs=
-24,-17,/sK3MJiRm7QlrxaWYbDix9dcscA=,iv7MtYP7EdKkXWHSME28h6iB+MI=
-26,-21,/sK3MJiRm7QlrxaWYbDix9dcscA=,lBzhX18jWX55Zgz/v4G2lgwakJs=
-25,-21,/sK3MJiRm7QlrxaWYbDix9dcscA=,lBzhX18jWX55Zgz/v4G2lgwakJs=
-32,-20,/sK3MJiRm7QlrxaWYbDix9dcscA=,lBzhX18jWX55Zgz/v4G2lgwakJs=
-24,-25,/sK3MJiRm7QlrxaWYbDix9dcscA=,2kSOQEpt/VghFD5LQtQg5RDudfI=
-24,-24,/sK3MJiRm7QlrxaWYbDix9dcscA=,iv7MtYP7EdKkXWHSME28h6iB+MI=
-25,-17,/sK3MJiRm7QlrxaWYbDix9dcscA=,lBzhX18jWX55Zgz/v4G2lgwakJs=
-27,-22,/sK3MJiRm7QlrxaWYbDix9dcscA=,lBzhX18jWX55Zgz/v4G2lgwakJs=
-26,-17,/sK3MJiRm7QlrxaWYbDix9dcscA=,lBzhX18jWX55Zgz/v4G2lgwakJs=
-32,-22,/sK3MJiRm7QlrxaWYbDix9dcscA=,lBzhX18jWX55Zgz/v4G2lgwakJs=
-30,-22,/sK3MJiRm7QlrxaWYbDix9dcscA=,lBzhX18jWX55Zgz/v4G2lgwakJs=
-31,-22,/sK3MJiRm7QlrxaWYbDix9dcscA=,lBzhX18jWX55Zgz/v4G2lgwakJs=
-26,-23,/sK3MJiRm7QlrxaWYbDix9dcscA=,lBzhX18jWX55Zgz/v4G2lgwakJs=
-27,-17,/sK3MJiRm7QlrxaWYbDix9dcscA=,lBzhX18jWX55Zgz/v4G2lgwakJs=
-28,-17,/sK3MJiRm7QlrxaWYbDix9dcscA=,lBzhX18jWX55Zgz/v4G2lgwakJs=
-29,-17,/sK3MJiRm7QlrxaWYbDix9dcscA=,lBzhX18jWX55Zgz/v4G2lgwakJs=
-28,-23,/sK3MJiRm7QlrxaWYbDix9dcscA=,lBzhX18jWX55Zgz/v4G2lgwakJs=
-29,-22,/sK3MJiRm7QlrxaWYbDix9dcscA=,lBzhX18jWX55Zgz/v4G2lgwakJs=
-30,-17,/sK3MJiRm7QlrxaWYbDix9dcscA=,lBzhX18jWX55Zgz/v4G2lgwakJs=
-31,-17,/sK3MJiRm7QlrxaWYbDix9dcscA=,lBzhX18jWX55Zgz/v4G2lgwakJs=
-32,-23,/sK3MJiRm7QlrxaWYbDix9dcscA=,lBzhX18jWX55Zgz/v4G2lgwakJs=
-29,-23,/sK3MJiRm7QlrxaWYbDix9dcscA=,lBzhX18jWX55Zgz/v4G2lgwakJs=
-30,-23,/sK3MJiRm7QlrxaWYbDix9dcscA=,lBzhX18jWX55Zgz/v4G2lgwakJs=
-27,-23,/sK3MJiRm7QlrxaWYbDix9dcscA=,lBzhX18jWX55Zgz/v4G2lgwakJs=
-25,-23,/sK3MJiRm7QlrxaWYbDix9dcscA=,lBzhX18jWX55Zgz/v4G2lgwakJs=
-26,-24,/sK3MJiRm7QlrxaWYbDix9dcscA=,lBzhX18jWX55Zgz/v4G2lgwakJs=
-27,-24,/sK3MJiRm7QlrxaWYbDix9dcscA=,lBzhX18jWX55Zgz/v4G2lgwakJs=
-31,-23,/sK3MJiRm7QlrxaWYbDix9dcscA=,lBzhX18jWX55Zgz/v4G2lgwakJs=
-28,-24,/sK3MJiRm7QlrxaWYbDix9dcscA=,lBzhX18jWX55Zgz/v4G2lgwakJs=
-32,-17,/sK3MJiRm7QlrxaWYbDix9dcscA=,lBzhX18jWX55Zgz/v4G2lgwakJs=
-29,-24,/sK3MJiRm7QlrxaWYbDix9dcscA=,lBzhX18jWX55Zgz/v4G2lgwakJs=
-28,-22,/sK3MJiRm7QlrxaWYbDix9dcscA=,lBzhX18jWX55Zgz/v4G2lgwakJs=
-26,-18,/sK3MJiRm7QlrxaWYbDix9dcscA=,lBzhX18jWX55Zgz/v4G2lgwakJs=
-30,-24,/sK3MJiRm7QlrxaWYbDix9dcscA=,lBzhX18jWX55Zgz/v4G2lgwakJs=
-31,-24,/sK3MJiRm7QlrxaWYbDix9dcscA=,lBzhX18jWX55Zgz/v4G2lgwakJs=
-29,-18,/sK3MJiRm7QlrxaWYbDix9dcscA=,lBzhX18jWX55Zgz/v4G2lgwakJs=
-30,-18,/sK3MJiRm7QlrxaWYbDix9dcscA=,lBzhX18jWX55Zgz/v4G2lgwakJs=
-32,-18,/sK3MJiRm7QlrxaWYbDix9dcscA=,lBzhX18jWX55Zgz/v4G2lgwakJs=
-25,-25,/sK3MJiRm7QlrxaWYbDix9dcscA=,Vi+xjgkPIuabdqQDnYDErEPUNso=
-26,-25,/sK3MJiRm7QlrxaWYbDix9dcscA=,Vi+xjgkPIuabdqQDnYDErEPUNso=
-25,-18,/sK3MJiRm7QlrxaWYbDix9dcscA=,lBzhX18jWX55Zgz/v4G2lgwakJs=
-28,-18,/sK3MJiRm7QlrxaWYbDix9dcscA=,lBzhX18jWX55Zgz/v4G2lgwakJs=
-25,-19,/sK3MJiRm7QlrxaWYbDix9dcscA=,lBzhX18jWX55Zgz/v4G2lgwakJs=
-26,-19,/sK3MJiRm7QlrxaWYbDix9dcscA=,lBzhX18jWX55Zgz/v4G2lgwakJs=
-27,-19,/sK3MJiRm7QlrxaWYbDix9dcscA=,lBzhX18jWX55Zgz/v4G2lgwakJs=
-27,-25,/sK3MJiRm7QlrxaWYbDix9dcscA=,Vi+xjgkPIuabdqQDnYDErEPUNso=
-30,-19,/sK3MJiRm7QlrxaWYbDix9dcscA=,lBzhX18jWX55Zgz/v4G2lgwakJs=
-28,-25,/sK3MJiRm7QlrxaWYbDix9dcscA=,Vi+xjgkPIuabdqQDnYDErEPUNso=
-29,-25,/sK3MJiRm7QlrxaWYbDix9dcscA=,Vi+xjgkPIuabdqQDnYDErEPUNso=
-30,-25,/sK3MJiRm7QlrxaWYbDix9dcscA=,Vi+xjgkPIuabdqQDnYDErEPUNso=
-32,-19,/sK3MJiRm7QlrxaWYbDix9dcscA=,lBzhX18jWX55Zgz/v4G2lgwakJs=
-31,-25,/sK3MJiRm7QlrxaWYbDix9dcscA=,Vi+xjgkPIuabdqQDnYDErEPUNso=
-32,-25,/sK3MJiRm7QlrxaWYbDix9dcscA=,Vi+xjgkPIuabdqQDnYDErEPUNso=
-31,-19,/sK3MJiRm7QlrxaWYbDix9dcscA=,lBzhX18jWX55Zgz/v4G2lgwakJs=
-28,-19,/sK3MJiRm7QlrxaWYbDix9dcscA=,lBzhX18jWX55Zgz/v4G2lgwakJs=
-31,-20,/sK3MJiRm7QlrxaWYbDix9dcscA=,lBzhX18jWX55Zgz/v4G2lgwakJs=
-26,-20,/sK3MJiRm7QlrxaWYbDix9dcscA=,lBzhX18jWX55Zgz/v4G2lgwakJs=
-25,-20,/sK3MJiRm7QlrxaWYbDix9dcscA=,lBzhX18jWX55Zgz/v4G2lgwakJs=
-24,-21,/sK3MJiRm7QlrxaWYbDix9dcscA=,iv7MtYP7EdKkXWHSME28h6iB+MI=
-31,-18,/sK3MJiRm7QlrxaWYbDix9dcscA=,lBzhX18jWX55Zgz/v4G2lgwakJs=
-28,-20,/sK3MJiRm7QlrxaWYbDix9dcscA=,lBzhX18jWX55Zgz/v4G2lgwakJs=
-24,-22,/sK3MJiRm7QlrxaWYbDix9dcscA=,iv7MtYP7EdKkXWHSME28h6iB+MI=
-29,-20,/sK3MJiRm7QlrxaWYbDix9dcscA=,lBzhX18jWX55Zgz/v4G2lgwakJs=
-29,-19,/sK3MJiRm7QlrxaWYbDix9dcscA=,lBzhX18jWX55Zgz/v4G2lgwakJs=
-24,-23,/sK3MJiRm7QlrxaWYbDix9dcscA=,iv7MtYP7EdKkXWHSME28h6iB+MI=
-27,-20,/sK3MJiRm7QlrxaWYbDix9dcscA=,lBzhX18jWX55Zgz/v4G2lgwakJs=
-25,-24,/sK3MJiRm7QlrxaWYbDix9dcscA=,lBzhX18jWX55Zgz/v4G2lgwakJs=
-30,-20,/sK3MJiRm7QlrxaWYbDix9dcscA=,lBzhX18jWX55Zgz/v4G2lgwakJs=
-27,-18,/sK3MJiRm7QlrxaWYbDix9dcscA=,lBzhX18jWX55Zgz/v4G2lgwakJs=
-32,-24,/sK3MJiRm7QlrxaWYbDix9dcscA=,lBzhX18jWX55Zgz/v4G2lgwakJs=
-27,-12,/sK3MJiRm7QlrxaWYbDix9dcscA=,O1XHqhYy+fvFTR3poyYGUTGwYC4=
-26,-12,/sK3MJiRm7QlrxaWYbDix9dcscA=,O1XHqhYy+fvFTR3poyYGUTGwYC4=
-32,-11,/sK3MJiRm7QlrxaWYbDix9dcscA=,O1XHqhYy+fvFTR3poyYGUTGwYC4=
-31,-11,/sK3MJiRm7QlrxaWYbDix9dcscA=,O1XHqhYy+fvFTR3poyYGUTGwYC4=
-30,-11,/sK3MJiRm7QlrxaWYbDix9dcscA=,O1XHqhYy+fvFTR3poyYGUTGwYC4=
-29,-11,/sK3MJiRm7QlrxaWYbDix9dcscA=,O1XHqhYy+fvFTR3poyYGUTGwYC4=
-28,-11,/sK3MJiRm7QlrxaWYbDix9dcscA=,O1XHqhYy+fvFTR3poyYGUTGwYC4=
-28,-12,/sK3MJiRm7QlrxaWYbDix9dcscA=,O1XHqhYy+fvFTR3poyYGUTGwYC4=
-27,-11,/sK3MJiRm7QlrxaWYbDix9dcscA=,O1XHqhYy+fvFTR3poyYGUTGwYC4=
-29,-12,/sK3MJiRm7QlrxaWYbDix9dcscA=,O1XHqhYy+fvFTR3poyYGUTGwYC4=
-26,-11,/sK3MJiRm7QlrxaWYbDix9dcscA=,O1XHqhYy+fvFTR3poyYGUTGwYC4=
-32,-10,/sK3MJiRm7QlrxaWYbDix9dcscA=,O1XHqhYy+fvFTR3poyYGUTGwYC4=
-32,-12,/sK3MJiRm7QlrxaWYbDix9dcscA=,O1XHqhYy+fvFTR3poyYGUTGwYC4=
-27,-13,/sK3MJiRm7QlrxaWYbDix9dcscA=,O1XHqhYy+fvFTR3poyYGUTGwYC4=
-28,-13,/sK3MJiRm7QlrxaWYbDix9dcscA=,O1XHqhYy+fvFTR3poyYGUTGwYC4=
-31,-12,/sK3MJiRm7QlrxaWYbDix9dcscA=,O1XHqhYy+fvFTR3poyYGUTGwYC4=
-31,-10,/sK3MJiRm7QlrxaWYbDix9dcscA=,O1XHqhYy+fvFTR3poyYGUTGwYC4=
-30,-12,/sK3MJiRm7QlrxaWYbDix9dcscA=,O1XHqhYy+fvFTR3poyYGUTGwYC4=
-26,-13,/sK3MJiRm7QlrxaWYbDix9dcscA=,O1XHqhYy+fvFTR3poyYGUTGwYC4=
-29,-13,/sK3MJiRm7QlrxaWYbDix9dcscA=,O1XHqhYy+fvFTR3poyYGUTGwYC4=
-30,-13,/sK3MJiRm7QlrxaWYbDix9dcscA=,O1XHqhYy+fvFTR3poyYGUTGwYC4=
-30,-10,/sK3MJiRm7QlrxaWYbDix9dcscA=,O1XHqhYy+fvFTR3poyYGUTGwYC4=
-29,-10,/sK3MJiRm7QlrxaWYbDix9dcscA=,O1XHqhYy+fvFTR3poyYGUTGwYC4=
-31,-13,/sK3MJiRm7QlrxaWYbDix9dcscA=,O1XHqhYy+fvFTR3poyYGUTGwYC4=
-28,-10,/sK3MJiRm7QlrxaWYbDix9dcscA=,O1XHqhYy+fvFTR3poyYGUTGwYC4=
-27,-10,/sK3MJiRm7QlrxaWYbDix9dcscA=,O1XHqhYy+fvFTR3poyYGUTGwYC4=
-26,-14,/sK3MJiRm7QlrxaWYbDix9dcscA=,O1XHqhYy+fvFTR3poyYGUTGwYC4=
-27,-14,/sK3MJiRm7QlrxaWYbDix9dcscA=,O1XHqhYy+fvFTR3poyYGUTGwYC4=
-32,-13,/sK3MJiRm7QlrxaWYbDix9dcscA=,O1XHqhYy+fvFTR3poyYGUTGwYC4=
-28,-14,/sK3MJiRm7QlrxaWYbDix9dcscA=,O1XHqhYy+fvFTR3poyYGUTGwYC4=
-32,-15,/sK3MJiRm7QlrxaWYbDix9dcscA=,O1XHqhYy+fvFTR3poyYGUTGwYC4=
-26,-10,/sK3MJiRm7QlrxaWYbDix9dcscA=,O1XHqhYy+fvFTR3poyYGUTGwYC4=
-26,-6,/sK3MJiRm7QlrxaWYbDix9dcscA=,onM5MOnxZ1mD/pbmpLjUwEYZHuE=
-31,-14,/sK3MJiRm7QlrxaWYbDix9dcscA=,O1XHqhYy+fvFTR3poyYGUTGwYC4=
-32,-5,/sK3MJiRm7QlrxaWYbDix9dcscA=,onM5MOnxZ1mD/pbmpLjUwEYZHuE=
-30,-14,/sK3MJiRm7QlrxaWYbDix9dcscA=,O1XHqhYy+fvFTR3poyYGUTGwYC4=
-32,-14,/sK3MJiRm7QlrxaWYbDix9dcscA=,O1XHqhYy+fvFTR3poyYGUTGwYC4=
-31,-15,/sK3MJiRm7QlrxaWYbDix9dcscA=,O1XHqhYy+fvFTR3poyYGUTGwYC4=
-26,-2,/sK3MJiRm7QlrxaWYbDix9dcscA=,onM5MOnxZ1mD/pbmpLjUwEYZHuE=
-27,-6,/sK3MJiRm7QlrxaWYbDix9dcscA=,onM5MOnxZ1mD/pbmpLjUwEYZHuE=
-26,-15,/sK3MJiRm7QlrxaWYbDix9dcscA=,O1XHqhYy+fvFTR3poyYGUTGwYC4=
-28,-6,/sK3MJiRm7QlrxaWYbDix9dcscA=,onM5MOnxZ1mD/pbmpLjUwEYZHuE=
-30,-15,/sK3MJiRm7QlrxaWYbDix9dcscA=,O1XHqhYy+fvFTR3poyYGUTGwYC4=
-27,-15,/sK3MJiRm7QlrxaWYbDix9dcscA=,O1XHqhYy+fvFTR3poyYGUTGwYC4=
-29,-14,/sK3MJiRm7QlrxaWYbDix9dcscA=,O1XHqhYy+fvFTR3poyYGUTGwYC4=
-31,-5,/sK3MJiRm7QlrxaWYbDix9dcscA=,onM5MOnxZ1mD/pbmpLjUwEYZHuE=
-28,-15,/sK3MJiRm7QlrxaWYbDix9dcscA=,O1XHqhYy+fvFTR3poyYGUTGwYC4=
-29,-2,/sK3MJiRm7QlrxaWYbDix9dcscA=,onM5MOnxZ1mD/pbmpLjUwEYZHuE=
-29,-6,/sK3MJiRm7QlrxaWYbDix9dcscA=,onM5MOnxZ1mD/pbmpLjUwEYZHuE=
-30,-2,/sK3MJiRm7QlrxaWYbDix9dcscA=,onM5MOnxZ1mD/pbmpLjUwEYZHuE=
-27,-2,/sK3MJiRm7QlrxaWYbDix9dcscA=,onM5MOnxZ1mD/pbmpLjUwEYZHuE=
-29,-15,/sK3MJiRm7QlrxaWYbDix9dcscA=,O1XHqhYy+fvFTR3poyYGUTGwYC4=
-30,-6,/sK3MJiRm7QlrxaWYbDix9dcscA=,onM5MOnxZ1mD/pbmpLjUwEYZHuE=
-26,-3,/sK3MJiRm7QlrxaWYbDix9dcscA=,onM5MOnxZ1mD/pbmpLjUwEYZHuE=
-27,-3,/sK3MJiRm7QlrxaWYbDix9dcscA=,onM5MOnxZ1mD/pbmpLjUwEYZHuE=
-31,-2,/sK3MJiRm7QlrxaWYbDix9dcscA=,onM5MOnxZ1mD/pbmpLjUwEYZHuE=
-28,-3,/sK3MJiRm7QlrxaWYbDix9dcscA=,onM5MOnxZ1mD/pbmpLjUwEYZHuE=
-31,-3,/sK3MJiRm7QlrxaWYbDix9dcscA=,onM5MOnxZ1mD/pbmpLjUwEYZHuE=
-32,-2,/sK3MJiRm7QlrxaWYbDix9dcscA=,onM5MOnxZ1mD/pbmpLjUwEYZHuE=
-32,-3,/sK3MJiRm7QlrxaWYbDix9dcscA=,onM5MOnxZ1mD/pbmpLjUwEYZHuE=
-32,-6,/sK3MJiRm7QlrxaWYbDix9dcscA=,onM5MOnxZ1mD/pbmpLjUwEYZHuE=
-25,-12,/sK3MJiRm7QlrxaWYbDix9dcscA=,O1XHqhYy+fvFTR3poyYGUTGwYC4=
-31,-6,/sK3MJiRm7QlrxaWYbDix9dcscA=,onM5MOnxZ1mD/pbmpLjUwEYZHuE=
-28,-2,/sK3MJiRm7QlrxaWYbDix9dcscA=,onM5MOnxZ1mD/pbmpLjUwEYZHuE=
-30,-3,/sK3MJiRm7QlrxaWYbDix9dcscA=,onM5MOnxZ1mD/pbmpLjUwEYZHuE=
-24,-11,/sK3MJiRm7QlrxaWYbDix9dcscA=,+fQ75wl9eE6aYFgttEJ1jpJm2eU=
-29,-3,/sK3MJiRm7QlrxaWYbDix9dcscA=,onM5MOnxZ1mD/pbmpLjUwEYZHuE=
-26,-4,/sK3MJiRm7QlrxaWYbDix9dcscA=,onM5MOnxZ1mD/pbmpLjUwEYZHuE=
-23,-11,/sK3MJiRm7QlrxaWYbDix9dcscA=,+fQ75wl9eE6aYFgttEJ1jpJm2eU=
-26,-7,/sK3MJiRm7QlrxaWYbDix9dcscA=,onM5MOnxZ1mD/pbmpLjUwEYZHuE=
-28,-7,/sK3MJiRm7QlrxaWYbDix9dcscA=,onM5MOnxZ1mD/pbmpLjUwEYZHuE=
-20,-12,/sK3MJiRm7QlrxaWYbDix9dcscA=,+fQ75wl9eE6aYFgttEJ1jpJm2eU=
-21,-12,/sK3MJiRm7QlrxaWYbDix9dcscA=,+fQ75wl9eE6aYFgttEJ1jpJm2eU=
-27,-4,/sK3MJiRm7QlrxaWYbDix9dcscA=,onM5MOnxZ1mD/pbmpLjUwEYZHuE=
-29,-7,/sK3MJiRm7QlrxaWYbDix9dcscA=,onM5MOnxZ1mD/pbmpLjUwEYZHuE=
-18,-12,/sK3MJiRm7QlrxaWYbDix9dcscA=,+fQ75wl9eE6aYFgttEJ1jpJm2eU=
-22,-12,/sK3MJiRm7QlrxaWYbDix9dcscA=,+fQ75wl9eE6aYFgttEJ1jpJm2eU=
-30,-7,/sK3MJiRm7QlrxaWYbDix9dcscA=,onM5MOnxZ1mD/pbmpLjUwEYZHuE=
-27,-7,/sK3MJiRm7QlrxaWYbDix9dcscA=,onM5MOnxZ1mD/pbmpLjUwEYZHuE=
-23,-12,/sK3MJiRm7QlrxaWYbDix9dcscA=,+fQ75wl9eE6aYFgttEJ1jpJm2eU=
-19,-12,/sK3MJiRm7QlrxaWYbDix9dcscA=,+fQ75wl9eE6aYFgttEJ1jpJm2eU=
-25,-14,/sK3MJiRm7QlrxaWYbDix9dcscA=,O1XHqhYy+fvFTR3poyYGUTGwYC4=
-24,-12,/sK3MJiRm7QlrxaWYbDix9dcscA=,+fQ75wl9eE6aYFgttEJ1jpJm2eU=
-18,-13,/sK3MJiRm7QlrxaWYbDix9dcscA=,+fQ75wl9eE6aYFgttEJ1jpJm2eU=
-19,-13,/sK3MJiRm7QlrxaWYbDix9dcscA=,+fQ75wl9eE6aYFgttEJ1jpJm2eU=
-22,-11,/sK3MJiRm7QlrxaWYbDix9dcscA=,+fQ75wl9eE6aYFgttEJ1jpJm2eU=
-32,-7,/sK3MJiRm7QlrxaWYbDix9dcscA=,onM5MOnxZ1mD/pbmpLjUwEYZHuE=
-21,-13,/sK3MJiRm7QlrxaWYbDix9dcscA=,+fQ75wl9eE6aYFgttEJ1jpJm2eU=
-25,-15,/sK3MJiRm7QlrxaWYbDix9dcscA=,O1XHqhYy+fvFTR3poyYGUTGwYC4=
-25,-11,/sK3MJiRm7QlrxaWYbDix9dcscA=,O1XHqhYy+fvFTR3poyYGUTGwYC4=
-22,-13,/sK3MJiRm7QlrxaWYbDix9dcscA=,+fQ75wl9eE6aYFgttEJ1jpJm2eU=
-23,-13,/sK3MJiRm7QlrxaWYbDix9dcscA=,+fQ75wl9eE6aYFgttEJ1jpJm2eU=
-25,-13,/sK3MJiRm7QlrxaWYbDix9dcscA=,O1XHqhYy+fvFTR3poyYGUTGwYC4=
-21,-11,/sK3MJiRm7QlrxaWYbDix9dcscA=,+fQ75wl9eE6aYFgttEJ1jpJm2eU=
-31,-7,/sK3MJiRm7QlrxaWYbDix9dcscA=,onM5MOnxZ1mD/pbmpLjUwEYZHuE=
-24,-13,/sK3MJiRm7QlrxaWYbDix9dcscA=,+fQ75wl9eE6aYFgttEJ1jpJm2eU=
-18,-14,/sK3MJiRm7QlrxaWYbDix9dcscA=,+fQ75wl9eE6aYFgttEJ1jpJm2eU=
-20,-11,/sK3MJiRm7QlrxaWYbDix9dcscA=,+fQ75wl9eE6aYFgttEJ1jpJm2eU=
-20,-14,/sK3MJiRm7QlrxaWYbDix9dcscA=,+fQ75wl9eE6aYFgttEJ1jpJm2eU=
-27,-8,/sK3MJiRm7QlrxaWYbDix9dcscA=,onM5MOnxZ1mD/pbmpLjUwEYZHuE=
-26,-8,/sK3MJiRm7QlrxaWYbDix9dcscA=,onM5MOnxZ1mD/pbmpLjUwEYZHuE=
-28,-8,/sK3MJiRm7QlrxaWYbDix9dcscA=,onM5MOnxZ1mD/pbmpLjUwEYZHuE=
-19,-11,/sK3MJiRm7QlrxaWYbDix9dcscA=,+fQ75wl9eE6aYFgttEJ1jpJm2eU=
-19,-14,/sK3MJiRm7QlrxaWYbDix9dcscA=,+fQ75wl9eE6aYFgttEJ1jpJm2eU=
-22,-14,/sK3MJiRm7QlrxaWYbDix9dcscA=,+fQ75wl9eE6aYFgttEJ1jpJm2eU=
-24,-14,/sK3MJiRm7QlrxaWYbDix9dcscA=,+fQ75wl9eE6aYFgttEJ1jpJm2eU=
-20,-13,/sK3MJiRm7QlrxaWYbDix9dcscA=,+fQ75wl9eE6aYFgttEJ1jpJm2eU=
-18,-15,/sK3MJiRm7QlrxaWYbDix9dcscA=,+fQ75wl9eE6aYFgttEJ1jpJm2eU=
-18,-11,/sK3MJiRm7QlrxaWYbDix9dcscA=,+fQ75wl9eE6aYFgttEJ1jpJm2eU=
-19,-15,/sK3MJiRm7QlrxaWYbDix9dcscA=,+fQ75wl9eE6aYFgttEJ1jpJm2eU=
-20,-15,/sK3MJiRm7QlrxaWYbDix9dcscA=,+fQ75wl9eE6aYFgttEJ1jpJm2eU=
-21,-14,/sK3MJiRm7QlrxaWYbDix9dcscA=,+fQ75wl9eE6aYFgttEJ1jpJm2eU=
-21,-15,/sK3MJiRm7QlrxaWYbDix9dcscA=,+fQ75wl9eE6aYFgttEJ1jpJm2eU=
-23,-14,/sK3MJiRm7QlrxaWYbDix9dcscA=,+fQ75wl9eE6aYFgttEJ1jpJm2eU=
-29,-8,/sK3MJiRm7QlrxaWYbDix9dcscA=,onM5MOnxZ1mD/pbmpLjUwEYZHuE=
-19,-10,/sK3MJiRm7QlrxaWYbDix9dcscA=,+fQ75wl9eE6aYFgttEJ1jpJm2eU=
-22,-15,/sK3MJiRm7QlrxaWYbDix9dcscA=,+fQ75wl9eE6aYFgttEJ1jpJm2eU=
-29,-4,/sK3MJiRm7QlrxaWYbDix9dcscA=,onM5MOnxZ1mD/pbmpLjUwEYZHuE=
-30,-4,/sK3MJiRm7QlrxaWYbDix9dcscA=,onM5MOnxZ1mD/pbmpLjUwEYZHuE=
-30,-8,/sK3MJiRm7QlrxaWYbDix9dcscA=,onM5MOnxZ1mD/pbmpLjUwEYZHuE=
-31,-8,/sK3MJiRm7QlrxaWYbDix9dcscA=,onM5MOnxZ1mD/pbmpLjUwEYZHuE=
-24,-15,/sK3MJiRm7QlrxaWYbDix9dcscA=,+fQ75wl9eE6aYFgttEJ1jpJm2eU=
-32,-8,/sK3MJiRm7QlrxaWYbDix9dcscA=,onM5MOnxZ1mD/pbmpLjUwEYZHuE=
-18,-10,/sK3MJiRm7QlrxaWYbDix9dcscA=,+fQ75wl9eE6aYFgttEJ1jpJm2eU=
-20,-10,/sK3MJiRm7QlrxaWYbDix9dcscA=,+fQ75wl9eE6aYFgttEJ1jpJm2eU=
-21,-10,/sK3MJiRm7QlrxaWYbDix9dcscA=,+fQ75wl9eE6aYFgttEJ1jpJm2eU=
-23,-15,/sK3MJiRm7QlrxaWYbDix9dcscA=,+fQ75wl9eE6aYFgttEJ1jpJm2eU=
-25,-10,/sK3MJiRm7QlrxaWYbDix9dcscA=,O1XHqhYy+fvFTR3poyYGUTGwYC4=
-22,-10,/sK3MJiRm7QlrxaWYbDix9dcscA=,+fQ75wl9eE6aYFgttEJ1jpJm2eU=
-31,-4,/sK3MJiRm7QlrxaWYbDix9dcscA=,onM5MOnxZ1mD/pbmpLjUwEYZHuE=
-24,-10,/sK3MJiRm7QlrxaWYbDix9dcscA=,+fQ75wl9eE6aYFgttEJ1jpJm2eU=
-28,-4,/sK3MJiRm7QlrxaWYbDix9dcscA=,onM5MOnxZ1mD/pbmpLjUwEYZHuE=
-32,-4,/sK3MJiRm7QlrxaWYbDix9dcscA=,onM5MOnxZ1mD/pbmpLjUwEYZHuE=
-27,-9,/sK3MJiRm7QlrxaWYbDix9dcscA=,O1XHqhYy+fvFTR3poyYGUTGwYC4=
-30,-5,/sK3MJiRm7QlrxaWYbDix9dcscA=,onM5MOnxZ1mD/pbmpLjUwEYZHuE=
-28,-9,/sK3MJiRm7QlrxaWYbDix9dcscA=,O1XHqhYy+fvFTR3poyYGUTGwYC4=
-30,-9,/sK3MJiRm7QlrxaWYbDix9dcscA=,O1XHqhYy+fvFTR3poyYGUTGwYC4=
-26,-9,/sK3MJiRm7QlrxaWYbDix9dcscA=,O1XHqhYy+fvFTR3poyYGUTGwYC4=
-23,-10,/sK3MJiRm7QlrxaWYbDix9dcscA=,+fQ75wl9eE6aYFgttEJ1jpJm2eU=
-29,-9,/sK3MJiRm7QlrxaWYbDix9dcscA=,O1XHqhYy+fvFTR3poyYGUTGwYC4=
-32,-9,/sK3MJiRm7QlrxaWYbDix9dcscA=,O1XHqhYy+fvFTR3poyYGUTGwYC4=
-27,-5,/sK3MJiRm7QlrxaWYbDix9dcscA=,onM5MOnxZ1mD/pbmpLjUwEYZHuE=
-26,-5,/sK3MJiRm7QlrxaWYbDix9dcscA=,onM5MOnxZ1mD/pbmpLjUwEYZHuE=
-31,-9,/sK3MJiRm7QlrxaWYbDix9dcscA=,O1XHqhYy+fvFTR3poyYGUTGwYC4=
-29,-5,/sK3MJiRm7QlrxaWYbDix9dcscA=,onM5MOnxZ1mD/pbmpLjUwEYZHuE=
-22,-7,/sK3MJiRm7QlrxaWYbDix9dcscA=,A79Y8O3SZKdkKiOuwngQp3ZY+zc=
-17,-9,/sK3MJiRm7QlrxaWYbDix9dcscA=,+fQ75wl9eE6aYFgttEJ1jpJm2eU=
-17,-14,/sK3MJiRm7QlrxaWYbDix9dcscA=,+fQ75wl9eE6aYFgttEJ1jpJm2eU=
-17,-13,/sK3MJiRm7QlrxaWYbDix9dcscA=,+fQ75wl9eE6aYFgttEJ1jpJm2eU=
-28,-5,/sK3MJiRm7QlrxaWYbDix9dcscA=,onM5MOnxZ1mD/pbmpLjUwEYZHuE=
-17,-15,/sK3MJiRm7QlrxaWYbDix9dcscA=,+fQ75wl9eE6aYFgttEJ1jpJm2eU=
-17,-8,/sK3MJiRm7QlrxaWYbDix9dcscA=,A79Y8O3SZKdkKiOuwngQp3ZY+zc=
-17,-11,/sK3MJiRm7QlrxaWYbDix9dcscA=,+fQ75wl9eE6aYFgttEJ1jpJm2eU=
-17,-10,/sK3MJiRm7QlrxaWYbDix9dcscA=,+fQ75wl9eE6aYFgttEJ1jpJm2eU=
-24,-1,/sK3MJiRm7QlrxaWYbDix9dcscA=,A79Y8O3SZKdkKiOuwngQp3ZY+zc=
-32,-1,/sK3MJiRm7QlrxaWYbDix9dcscA=,onM5MOnxZ1mD/pbmpLjUwEYZHuE=
-31,-1,/sK3MJiRm7QlrxaWYbDix9dcscA=,onM5MOnxZ1mD/pbmpLjUwEYZHuE=
-17,-6,/sK3MJiRm7QlrxaWYbDix9dcscA=,A79Y8O3SZKdkKiOuwngQp3ZY+zc=
-30,-1,/sK3MJiRm7QlrxaWYbDix9dcscA=,onM5MOnxZ1mD/pbmpLjUwEYZHuE=
-27,-1,/sK3MJiRm7QlrxaWYbDix9dcscA=,onM5MOnxZ1mD/pbmpLjUwEYZHuE=
-28,-1,/sK3MJiRm7QlrxaWYbDix9dcscA=,onM5MOnxZ1mD/pbmpLjUwEYZHuE=
-18,-5,/sK3MJiRm7QlrxaWYbDix9dcscA=,A79Y8O3SZKdkKiOuwngQp3ZY+zc=
-17,-1,/sK3MJiRm7QlrxaWYbDix9dcscA=,A79Y8O3SZKdkKiOuwngQp3ZY+zc=
-19,-5,/sK3MJiRm7QlrxaWYbDix9dcscA=,A79Y8O3SZKdkKiOuwngQp3ZY+zc=
-25,-1,/sK3MJiRm7QlrxaWYbDix9dcscA=,onM5MOnxZ1mD/pbmpLjUwEYZHuE=
-20,-5,/sK3MJiRm7QlrxaWYbDix9dcscA=,A79Y8O3SZKdkKiOuwngQp3ZY+zc=
-26,-1,/sK3MJiRm7QlrxaWYbDix9dcscA=,onM5MOnxZ1mD/pbmpLjUwEYZHuE=
-21,-5,/sK3MJiRm7QlrxaWYbDix9dcscA=,A79Y8O3SZKdkKiOuwngQp3ZY+zc=
-29,-1,/sK3MJiRm7QlrxaWYbDix9dcscA=,onM5MOnxZ1mD/pbmpLjUwEYZHuE=
-25,-2,/sK3MJiRm7QlrxaWYbDix9dcscA=,onM5MOnxZ1mD/pbmpLjUwEYZHuE=
-22,-5,/sK3MJiRm7QlrxaWYbDix9dcscA=,A79Y8O3SZKdkKiOuwngQp3ZY+zc=
-17,-7,/sK3MJiRm7QlrxaWYbDix9dcscA=,A79Y8O3SZKdkKiOuwngQp3ZY+zc=
-23,-7,/sK3MJiRm7QlrxaWYbDix9dcscA=,A79Y8O3SZKdkKiOuwngQp3ZY+zc=
-25,-4,/sK3MJiRm7QlrxaWYbDix9dcscA=,onM5MOnxZ1mD/pbmpLjUwEYZHuE=
-18,-7,/sK3MJiRm7QlrxaWYbDix9dcscA=,A79Y8O3SZKdkKiOuwngQp3ZY+zc=
-25,-7,/sK3MJiRm7QlrxaWYbDix9dcscA=,onM5MOnxZ1mD/pbmpLjUwEYZHuE=
-18,-9,/sK3MJiRm7QlrxaWYbDix9dcscA=,+fQ75wl9eE6aYFgttEJ1jpJm2eU=
-24,-5,/sK3MJiRm7QlrxaWYbDix9dcscA=,A79Y8O3SZKdkKiOuwngQp3ZY+zc=
-23,-5,/sK3MJiRm7QlrxaWYbDix9dcscA=,A79Y8O3SZKdkKiOuwngQp3ZY+zc=
-25,-3,/sK3MJiRm7QlrxaWYbDix9dcscA=,onM5MOnxZ1mD/pbmpLjUwEYZHuE=
-19,-9,/sK3MJiRm7QlrxaWYbDix9dcscA=,+fQ75wl9eE6aYFgttEJ1jpJm2eU=
-20,-9,/sK3MJiRm7QlrxaWYbDix9dcscA=,+fQ75wl9eE6aYFgttEJ1jpJm2eU=
-23,-9,/sK3MJiRm7QlrxaWYbDix9dcscA=,+fQ75wl9eE6aYFgttEJ1jpJm2eU=
-25,-8,/sK3MJiRm7QlrxaWYbDix9dcscA=,onM5MOnxZ1mD/pbmpLjUwEYZHuE=
-24,-9,/sK3MJiRm7QlrxaWYbDix9dcscA=,+fQ75wl9eE6aYFgttEJ1jpJm2eU=
-18,-8,/sK3MJiRm7QlrxaWYbDix9dcscA=,A79Y8O3SZKdkKiOuwngQp3ZY+zc=
-19,-8,/sK3MJiRm7QlrxaWYbDix9dcscA=,A79Y8O3SZKdkKiOuwngQp3ZY+zc=
-24,-7,/sK3MJiRm7QlrxaWYbDix9dcscA=,A79Y8O3SZKdkKiOuwngQp3ZY+zc=
-21,-9,/sK3MJiRm7QlrxaWYbDix9dcscA=,+fQ75wl9eE6aYFgttEJ1jpJm2eU=
-20,-8,/sK3MJiRm7QlrxaWYbDix9dcscA=,A79Y8O3SZKdkKiOuwngQp3ZY+zc=
-19,-7,/sK3MJiRm7QlrxaWYbDix9dcscA=,A79Y8O3SZKdkKiOuwngQp3ZY+zc=
-22,-9,/sK3MJiRm7QlrxaWYbDix9dcscA=,+fQ75wl9eE6aYFgttEJ1jpJm2eU=
-18,-1,/sK3MJiRm7QlrxaWYbDix9dcscA=,A79Y8O3SZKdkKiOuwngQp3ZY+zc=
-19,-1,/sK3MJiRm7QlrxaWYbDix9dcscA=,A79Y8O3SZKdkKiOuwngQp3ZY+zc=
-25,-9,/sK3MJiRm7QlrxaWYbDix9dcscA=,O1XHqhYy+fvFTR3poyYGUTGwYC4=
-22,-1,/sK3MJiRm7QlrxaWYbDix9dcscA=,A79Y8O3SZKdkKiOuwngQp3ZY+zc=
-21,-8,/sK3MJiRm7QlrxaWYbDix9dcscA=,A79Y8O3SZKdkKiOuwngQp3ZY+zc=
-17,-2,/sK3MJiRm7QlrxaWYbDix9dcscA=,A79Y8O3SZKdkKiOuwngQp3ZY+zc=
-17,-5,/sK3MJiRm7QlrxaWYbDix9dcscA=,A79Y8O3SZKdkKiOuwngQp3ZY+zc=
-18,-2,/sK3MJiRm7QlrxaWYbDix9dcscA=,A79Y8O3SZKdkKiOuwngQp3ZY+zc=
-21,-1,/sK3MJiRm7QlrxaWYbDix9dcscA=,A79Y8O3SZKdkKiOuwngQp3ZY+zc=
-23,-1,/sK3MJiRm7QlrxaWYbDix9dcscA=,A79Y8O3SZKdkKiOuwngQp3ZY+zc=
-20,-2,/sK3MJiRm7QlrxaWYbDix9dcscA=,A79Y8O3SZKdkKiOuwngQp3ZY+zc=
-20,-1,/sK3MJiRm7QlrxaWYbDix9dcscA=,A79Y8O3SZKdkKiOuwngQp3ZY+zc=
-22,-2,/sK3MJiRm7QlrxaWYbDix9dcscA=,A79Y8O3SZKdkKiOuwngQp3ZY+zc=
-19,-2,/sK3MJiRm7QlrxaWYbDix9dcscA=,A79Y8O3SZKdkKiOuwngQp3ZY+zc=
-32,-16,/sK3MJiRm7QlrxaWYbDix9dcscA=,O1XHqhYy+fvFTR3poyYGUTGwYC4=
-23,-2,/sK3MJiRm7QlrxaWYbDix9dcscA=,A79Y8O3SZKdkKiOuwngQp3ZY+zc=
-17,-3,/sK3MJiRm7QlrxaWYbDix9dcscA=,A79Y8O3SZKdkKiOuwngQp3ZY+zc=
-21,-2,/sK3MJiRm7QlrxaWYbDix9dcscA=,A79Y8O3SZKdkKiOuwngQp3ZY+zc=
-20,-7,/sK3MJiRm7QlrxaWYbDix9dcscA=,A79Y8O3SZKdkKiOuwngQp3ZY+zc=
-25,-5,/sK3MJiRm7QlrxaWYbDix9dcscA=,onM5MOnxZ1mD/pbmpLjUwEYZHuE=
-31,-16,/sK3MJiRm7QlrxaWYbDix9dcscA=,O1XHqhYy+fvFTR3poyYGUTGwYC4=
-18,-3,/sK3MJiRm7QlrxaWYbDix9dcscA=,A79Y8O3SZKdkKiOuwngQp3ZY+zc=
-24,-8,/sK3MJiRm7QlrxaWYbDix9dcscA=,A79Y8O3SZKdkKiOuwngQp3ZY+zc=
-24,-2,/sK3MJiRm7QlrxaWYbDix9dcscA=,A79Y8O3SZKdkKiOuwngQp3ZY+zc=
-30,-16,/sK3MJiRm7QlrxaWYbDix9dcscA=,O1XHqhYy+fvFTR3poyYGUTGwYC4=
-19,-6,/sK3MJiRm7QlrxaWYbDix9dcscA=,A79Y8O3SZKdkKiOuwngQp3ZY+zc=
-21,-3,/sK3MJiRm7QlrxaWYbDix9dcscA=,A79Y8O3SZKdkKiOuwngQp3ZY+zc=
-20,-3,/sK3MJiRm7QlrxaWYbDix9dcscA=,A79Y8O3SZKdkKiOuwngQp3ZY+zc=
-18,-6,/sK3MJiRm7QlrxaWYbDix9dcscA=,A79Y8O3SZKdkKiOuwngQp3ZY+zc=
-23,-3,/sK3MJiRm7QlrxaWYbDix9dcscA=,A79Y8O3SZKdkKiOuwngQp3ZY+zc=
-19,-3,/sK3MJiRm7QlrxaWYbDix9dcscA=,A79Y8O3SZKdkKiOuwngQp3ZY+zc=
-24,-3,/sK3MJiRm7QlrxaWYbDix9dcscA=,A79Y8O3SZKdkKiOuwngQp3ZY+zc=
-20,-6,/sK3MJiRm7QlrxaWYbDix9dcscA=,A79Y8O3SZKdkKiOuwngQp3ZY+zc=
-22,-3,/sK3MJiRm7QlrxaWYbDix9dcscA=,A79Y8O3SZKdkKiOuwngQp3ZY+zc=
-22,-6,/sK3MJiRm7QlrxaWYbDix9dcscA=,A79Y8O3SZKdkKiOuwngQp3ZY+zc=
-24,-16,/sK3MJiRm7QlrxaWYbDix9dcscA=,+fQ75wl9eE6aYFgttEJ1jpJm2eU=
-25,-16,/sK3MJiRm7QlrxaWYbDix9dcscA=,O1XHqhYy+fvFTR3poyYGUTGwYC4=
-18,-4,/sK3MJiRm7QlrxaWYbDix9dcscA=,A79Y8O3SZKdkKiOuwngQp3ZY+zc=
-18,-16,/sK3MJiRm7QlrxaWYbDix9dcscA=,+fQ75wl9eE6aYFgttEJ1jpJm2eU=
-29,-16,/sK3MJiRm7QlrxaWYbDix9dcscA=,O1XHqhYy+fvFTR3poyYGUTGwYC4=
-23,-16,/sK3MJiRm7QlrxaWYbDix9dcscA=,+fQ75wl9eE6aYFgttEJ1jpJm2eU=
-19,-16,/sK3MJiRm7QlrxaWYbDix9dcscA=,+fQ75wl9eE6aYFgttEJ1jpJm2eU=
-20,-16,/sK3MJiRm7QlrxaWYbDix9dcscA=,+fQ75wl9eE6aYFgttEJ1jpJm2eU=
-21,-16,/sK3MJiRm7QlrxaWYbDix9dcscA=,+fQ75wl9eE6aYFgttEJ1jpJm2eU=
-17,-12,/sK3MJiRm7QlrxaWYbDix9dcscA=,+fQ75wl9eE6aYFgttEJ1jpJm2eU=
-22,-16,/sK3MJiRm7QlrxaWYbDix9dcscA=,+fQ75wl9eE6aYFgttEJ1jpJm2eU=
-21,-6,/sK3MJiRm7QlrxaWYbDix9dcscA=,A79Y8O3SZKdkKiOuwngQp3ZY+zc=
-23,-6,/sK3MJiRm7QlrxaWYbDix9dcscA=,A79Y8O3SZKdkKiOuwngQp3ZY+zc=
-25,-6,/sK3MJiRm7QlrxaWYbDix9dcscA=,onM5MOnxZ1mD/pbmpLjUwEYZHuE=
-19,-4,/sK3MJiRm7QlrxaWYbDix9dcscA=,A79Y8O3SZKdkKiOuwngQp3ZY+zc=
-20,-4,/sK3MJiRm7QlrxaWYbDix9dcscA=,A79Y8O3SZKdkKiOuwngQp3ZY+zc=
-21,-7,/sK3MJiRm7QlrxaWYbDix9dcscA=,A79Y8O3SZKdkKiOuwngQp3ZY+zc=
-28,-16,/sK3MJiRm7QlrxaWYbDix9dcscA=,O1XHqhYy+fvFTR3poyYGUTGwYC4=
-22,-4,/sK3MJiRm7QlrxaWYbDix9dcscA=,A79Y8O3SZKdkKiOuwngQp3ZY+zc=
-23,-4,/sK3MJiRm7QlrxaWYbDix9dcscA=,A79Y8O3SZKdkKiOuwngQp3ZY+zc=
-23,-8,/sK3MJiRm7QlrxaWYbDix9dcscA=,A79Y8O3SZKdkKiOuwngQp3ZY+zc=
-22,-8,/sK3MJiRm7QlrxaWYbDix9dcscA=,A79Y8O3SZKdkKiOuwngQp3ZY+zc=
-24,-6,/sK3MJiRm7QlrxaWYbDix9dcscA=,A79Y8O3SZKdkKiOuwngQp3ZY+zc=
-24,-4,/sK3MJiRm7QlrxaWYbDix9dcscA=,A79Y8O3SZKdkKiOuwngQp3ZY+zc=
-21,-4,/sK3MJiRm7QlrxaWYbDix9dcscA=,A79Y8O3SZKdkKiOuwngQp3ZY+zc=
-17,-16,/sK3MJiRm7QlrxaWYbDix9dcscA=,+fQ75wl9eE6aYFgttEJ1jpJm2eU=
-27,-16,/sK3MJiRm7QlrxaWYbDix9dcscA=,O1XHqhYy+fvFTR3poyYGUTGwYC4=
-26,-16,/sK3MJiRm7QlrxaWYbDix9dcscA=,O1XHqhYy+fvFTR3poyYGUTGwYC4=
-17,-4,/sK3MJiRm7QlrxaWYbDix9dcscA=,A79Y8O3SZKdkKiOuwngQp3ZY+zc=
